Date,Booking_type,Booked_In_Time,Vendor,Pallets,Cartons,Delivery_reference,IDN,IDN_error,Arrival_time,Compliant,Compliance_code,time_variance
2025-01-01 00:00:00,Open_slot,15:00,BOS,6,27,20259685,180152148,none,11:57:00.000000,Yes,ONT,-183
2025-01-01 00:00:00,Fixed,06:30,ADL,17,0,20256555,CSS260716WZMC - 180152692 & CSS260466WZMC – 180151151 & CSS260891WZMC - 180150893,Pallet count differs from IDN,06:34:00.000000,Yes,ONT,4
2025-01-01 00:00:00,Fixed,08:30,XPR,8,30,20259192,180153496  180157930,2 IDNs for 1 delivery,09:13:00.000000,No,LATE_01,43
2025-01-01 00:00:00,Fixed,07:00,PLZ,3,6,20254754,180156581,none,06:44:00.000000,Yes,ONT,-16
2025-01-01 00:00:00,Fixed,11:00,RFT,23,0,20255236,No_IDN_provided,none,11:04:00.000000,Yes,ONT,4
2025-01-01 00:00:00,Fixed,10:30,EJN,8,0,20254067,CSS260217WZMC - 180156164,Wrong IDN attached,10:50:00.000000,Yes,ONT,20
2025-01-01 00:00:00,Fixed,13:30,HCN,1,19,20250934,CSS260636WZMC – 180151224,none,13:40:00.000000,Yes,ONT,10
2025-01-01 00:00:00,Open_slot,15:00,KMB,5,0,20244822,IDN not required,none,11:57:00.000000,Yes,ONT,-183
2025-01-02 00:00:00,Fixed,12:30,SGM,18,0,20258932,180153890 / 180154287 / 180155006,IDN illegible,12:19:00.000000,Yes,ONT,-11
2025-01-02 00:00:00,Fixed,11:30,LUM,0,33,20255049,"180153117
180156603
180154922
180156430",none,11:34:00.000000,Yes,ONT,4
2025-01-02 00:00:00,Open_slot,15:00,FNB,2,0,20258443,180151990,none,14:12:00.000000,Yes,ONT,-48
2025-01-02 00:00:00,Open_slot,15:00,ORK,18,0,20252809,CSS260067WZMC - 180157080 / CSS260410WZMC 180155848,none,08:58:00.000000,Yes,ONT,-362
2025-01-02 00:00:00,Fixed,09:00,MDF,3,0,20253198,CSS260995WZMC 180151015,IDN - PO no. missing,08:54:00.000000,Yes,ONT,-6
2025-01-02 00:00:00,Fixed,12:30,GWL,20,0,20259800,"CSS260159WZMC - 180159283, CSS260250WZMC - 180151703",none,12:29:00.000000,Yes,ONT,-1
2025-01-02 00:00:00,Open_slot,15:00,RFT,2,32,20258469,180152292,none,08:35:00.000000,Yes,ONT,-385
2025-01-03 00:00:00,Fixed,11:30,NRL,5,0,20256197,CSS260376WZMC - 180157050,none,12:41:00.000000,No,LATE_02,71
2025-01-03 00:00:00,Open_slot,15:00,GWL,19,0,20263415,180159255  180154511  180159899  180157396,none,14:10:00.000000,Yes,ONT,-50
2025-01-03 00:00:00,Fixed,08:00,CWX,7,0,20253202,180156381 & 180157870,Pallet count differs from IDN,07:58:00.000000,Yes,ONT,-2
2025-01-03 00:00:00,Fixed,12:30,TAV,7,0,20251797,CSS260825WZMC 180155782 & CSS260153WZMC - 180153545,IDN illegible,12:43:00.000000,Yes,ONT,13
2025-01-03 00:00:00,Fixed,06:30,ADL,19,28,20259822,CSS260340WZMC - 180155809,none,06:46:00.000000,Yes,ONT,16
2025-01-03 00:00:00,Fixed,06:30,ZAK,5,36,20251349,180150415 / 180154737 / 180156496,Over-delivered vs IDN,07:26:00.000000,No,LATE_01,56
2025-01-03 00:00:00,Open_slot,15:00,VRT,3,0,20244376,CSS260200WZMC - 180156516,none,11:32:00.000000,Yes,ONT,-208
2025-01-03 00:00:00,Fixed,10:30,TGE,14,0,20258999,180150596,"pallet overhang, restacked",10:42:00.000000,Yes,ONT,12
2025-01-06 00:00:00,Fixed,08:30,XPR,9,0,20259090,"CSS260303WZMC-180155094
CSS260408WZMC - 180156144
CSS260081WZMC 180159594",No paperwork with driver,08:28:00.000000,Yes,ONT,-2
2025-01-06 00:00:00,Open_slot,15:00,PLZ,1,0,20247552,180159083,SKU on IDN not on PO,15:06:00.000000,Yes,ONT,6
2025-01-06 00:00:00,Fixed,12:30,GWL,19,0,20256574,180152143 & 180154497 & 180153725 & 180158763,missing labels,12:40:00.000000,Yes,ONT,10
2025-01-06 00:00:00,Open_slot,15:00,KMB,14,0,20253562,180151408,none,07:12:00.000000,Yes,EARL,-468
2025-01-06 00:00:00,Fixed,10:30,SGM,22,0,20253234,180154012,none,11:20:00.000000,No,LATE_01,50
2025-01-06 00:00:00,Fixed,09:00,MDF,2,0,20253872,CSS260921WZMC – 180154082,2 IDNs for 1 delivery,08:53:00.000000,Yes,ONT,-7
2025-01-06 00:00:00,Fixed,13:00,NRL,8,12,20257935,CSS260124WZMC - 180158309,none,13:14:00.000000,Yes,ONT,14
2025-01-07 00:00:00,Fixed,08:30,XPR,10,0,20255271,CSS260481WZMC 180155816,IDN qty wrong,08:03:00.000000,Yes,ONT,-27
2025-01-07 00:00:00,Fixed,10:30,EJN,6,0,20256345,CSS260307WZMC 180153570,none,09:44:00.000000,Yes,EARL,-46
2025-01-07 00:00:00,Open_slot,15:00,KMB,7,0,20265162,n/a - not req,none,10:12:00.000000,Yes,ONT,-288
2025-01-07 00:00:00,Open_slot,15:00,YTS,1,54,20250572,CSS260134WZMC-180150555,none,13:10:00.000000,Yes,ONT,-110
2025-01-07 00:00:00,Open_slot,15:00,ZAK,4,35,20268368,IDN not required,No paperwork with driver,16:10:00.000000,No,LATE_02,70
2025-01-07 00:00:00,Open_slot,15:00,TAV,11,0,20251753,180158437,none,13:51:00.000000,Yes,ONT,-69
2025-01-07 00:00:00,Fixed,07:00,CWX,6,0,20265997,CSS260801WZMC-180156842,none,07:06:00.000000,Yes,ONT,6
2025-01-08 00:00:00,Open_slot,15:00,BOS,7,36,20255368,180155360,none,10:46:00.000000,Yes,ONT,-254
2025-01-08 00:00:00,Fixed,13:30,HCN,5,30,20250292,CSS260662WZMC 180158842,none,13:39:00.000000,Yes,ONT,9
2025-01-08 00:00:00,Open_slot,15:00,DLX,10,35,20253950,180156538,none,09:53:00.000000,Yes,ONT,-307
2025-01-08 00:00:00,unscheduled,,BRV,7,0,20258866,180151554,No paperwork with driver,06:31:00.000000,No,NSCH,
2025-01-08 00:00:00,Fixed,06:30,ADL,14,0,20256873,180155711,"pallet overhang, restacked",06:16:00.000000,Yes,ONT,-14
2025-01-08 00:00:00,Fixed,08:00,CWX,9,0,20250215,CSS260757WZMC-180159382,idn doesnt match,07:10:00.000000,Yes,EARL,-50
2025-01-09 00:00:00,Fixed,08:30,NRL,11,0,20258657,CSS260526WZMC - 180158814,none,07:45:00.000000,Yes,EARL,-45
2025-01-09 00:00:00,Fixed,09:00,MDF,5,17,20259411,180152212,none,09:05:00.000000,Yes,ONT,5
2025-01-09 00:00:00,Fixed,13:00,PVC,23,0,20252726,CSS260955WZMC - 180154545,none,13:07:00.000000,Yes,ONT,7
2025-01-09 00:00:00,Fixed,07:00,KMB,13,0,20259863,CSS260991WZMC-180156799,Chased vendor for IDN,07:10:00.000000,Yes,ONT,10
2025-01-09 00:00:00,Open_slot,15:00,KTR,0,18,20259067,No_IDN_provided,none,07:24:00.000000,Yes,EARL,-456
2025-01-09 00:00:00,Fixed,12:30,GWL,15,0,20254150,180159729,none,12:56:00.000000,Yes,ONT,26
2025-01-09 00:00:00,Fixed,06:30,ADL,16,0,20259982,180158435,"pallet overhang, restacked",06:22:00.000000,Yes,ONT,-8
2025-01-10 00:00:00,Fixed,12:30,GWL,18,0,20251959,180153965,none,12:13:00.000000,Yes,ONT,-17
2025-01-10 00:00:00,Open_slot,15:00,KMB,6,0,20249655,CSS260208WZMC 180152258,2 IDNs for 1 delivery,08:04:00.000000,Yes,ONT,-416
2025-01-10 00:00:00,Fixed,06:30,ADL,12,0,20253577,No_IDN_provided,IDN missing on arrival,06:22:00.000000,Yes,ONT,-8
2025-01-10 00:00:00,Fixed,13:30,YTS,2,41,20250615,CSS260440WZMC 180155519,Over-delivered vs IDN,14:13:00.000000,No,LATE_01,43
2025-01-10 00:00:00,Fixed,06:30,LUM,1,0,20253801,180150745  180157908,none,06:32:00.000000,Yes,ONT,2
2025-01-10 00:00:00,Open_slot,15:00,DLX,1,111,20268735,IDN not required,none,06:30:00.000000,Yes,EARL,-510
2025-01-10 00:00:00,Fixed,13:30,WDH,17,18,20259573,CSS260611WZMC - 180155830,none,13:04:00.000000,Yes,ONT,-26
2025-01-13 00:00:00,Fixed,08:30,PLZ,4,0,20256240,180155149,none,08:22:00.000000,Yes,ONT,-8
2025-01-13 00:00:00,Fixed,08:30,XPR,5,0,20255199,No_IDN_provided,no idn with driver,08:46:00.000000,Yes,ONT,16
2025-01-13 00:00:00,Open_slot,15:00,KMB,9,0,20254722,CSS260679WZMC - 180158411,none,08:27:00.000000,Yes,ONT,-393
2025-01-13 00:00:00,Open_slot,15:00,ZAK,1,105,20253398,CSS260685WZMC – 180155643,idn doesnt match,12:19:00.000000,Yes,ONT,-161
2025-01-13 00:00:00,Open_slot,15:00,LUM,2,96,20250157,No_IDN_provided,none,Not_arrived,No,LATE_03,
2025-01-13 00:00:00,Fixed,13:00,NRL,8,0,20252344,CSS260558WZMC-180151450,IDN - PO no. missing,12:53:00.000000,Yes,ONT,-7
2025-01-13 00:00:00,Fixed,10:30,CWX,12,26,20258357,CSS260994WZMC - 180151904,none,10:36:00.000000,Yes,ONT,6
2025-01-14 00:00:00,Fixed,13:30,YTS,1,36,20250749,180156474,none,13:18:00.000000,Yes,ONT,-12
2025-01-14 00:00:00,Fixed,13:00,CWX,7,0,20258946,IDN not required,none,13:05:00.000000,Yes,ONT,5
2025-01-14 00:00:00,Fixed,08:30,NRL,9,0,20256585,180153677 & 180153072 & 180153618 & 180153652,none,08:21:00.000000,Yes,ONT,-9
2025-01-14 00:00:00,Fixed,09:00,MDF,1,0,20253030,180152161,IDN qty wrong,09:03:00.000000,Yes,ONT,3
2025-01-14 00:00:00,Fixed,10:00,TAV,6,0,20257625,180157233,IDN illegible,09:43:00.000000,Yes,ONT,-17
2025-01-14 00:00:00,Fixed,08:30,XPR,8,0,20257543,CSS260804WZMC - 180157550,none,08:01:00.000000,Yes,ONT,-29
2025-01-14 00:00:00,Fixed,14:00,ZAK,2,58,20250492,No_IDN_provided,none,Not_arrived,No,LATE_03,
2025-01-14 00:00:00,Open_slot,15:00,WDH,26,0,20247651,180153149,none,10:56:00.000000,Yes,ONT,-244
2025-01-15 00:00:00,Fixed,11:00,RFT,18,13,20253300,180151637,none,11:01:00.000000,Yes,ONT,1
2025-01-15 00:00:00,Fixed,13:00,PVC,15,17,20256145,CSS260430WZMC-180154254,none,13:23:00.000000,Yes,ONT,23
2025-01-15 00:00:00,Fixed,13:00,WDH,22,19,20259024,IDN NOT REQUIRED,none,13:00:00.000000,Yes,ONT,0
2025-01-15 00:00:00,Open_slot,15:00,TAV,10,0,20257564,No_IDN_provided,IDN missing on arrival,09:44:00.000000,Yes,ONT,-316
2025-01-15 00:00:00,Fixed,13:30,HCN,6,0,20252209,CSS260113WZMC-180157847,Damaged pallet - noted on IDN,14:11:00.000000,No,LATE_01,41
2025-01-15 00:00:00,Fixed,06:30,ADL,9,9,20252167,CSS260324WZMC – 180153690 & CSS260095WZMC - 180156560 & 180159494,none,07:38:00.000000,No,LATE_02,68
2025-01-16 00:00:00,unscheduled,,GWL,22,0,20255155,180150434,none,08:26:00.000000,No,NSCH,
2025-01-16 00:00:00,Open_slot,15:00,KTR,17,16,20253078,CSS260143WZMC - 180158633 & CSS260591WZMC - 180154780,none,09:06:00.000000,Yes,ONT,-354
2025-01-16 00:00:00,Fixed,10:00,TAV,9,0,20253772,CSS260811WZMC - 180158977,Over-delivered vs IDN,10:23:00.000000,Yes,ONT,23
2025-01-16 00:00:00,Fixed,11:00,NRL,5,36,20251383,not required,none,11:07:00.000000,Yes,ONT,7
2025-01-16 00:00:00,Fixed,08:30,MDF,5,0,20259109,No_IDN_provided,IDN missing on arrival,08:20:00.000000,Yes,ONT,-10
2025-01-16 00:00:00,Fixed,11:00,CWX,6,0,20257880,180152650,none,11:03:00.000000,Yes,ONT,3
2025-01-16 00:00:00,Open_slot,15:00,ORK,27,0,20255145,CSS260701WZMC - 180156352,none,08:24:00.000000,Yes,ONT,-396
2025-01-17 00:00:00,Fixed,09:00,ZAK,2,20,20250039,180153494,none,09:18:00.000000,Yes,ONT,18
2025-01-17 00:00:00,Fixed,12:30,GWL,19,19,20252198,CSS260463WZMC - 180150163,short 1 pallet,12:27:00.000000,Yes,ONT,-3
2025-01-17 00:00:00,Fixed,11:30,TAV,14,0,20251619,180153646,none,09:35:00.000000,Yes,EARL,-115
2025-01-17 00:00:00,Fixed,10:30,TGE,20,0,20251151,CSS260944WZMC 180154897,short 1 pallet,10:13:00.000000,Yes,ONT,-17
2025-01-17 00:00:00,Fixed,13:00,CWX,8,0,20253889,180158730  180155161  180158115  180154836,IDN - PO no. missing,13:22:00.000000,Yes,ONT,22
2025-01-17 00:00:00,Open_slot,15:00,VRT,8,0,20257155,180152834,none,10:17:00.000000,Yes,ONT,-283
2025-01-20 00:00:00,Fixed,08:30,XPR,12,0,20258141,CSS260779WZMC-180158286,No paperwork with driver,09:08:00.000000,No,LATE_01,38
2025-01-20 00:00:00,Fixed,08:30,ZAK,3,0,20253828,180158181,Wrong IDN attached,08:29:00.000000,Yes,ONT,-1
2025-01-20 00:00:00,Fixed,11:00,RFT,1,16,20254663,"180156457, 180154857, 180154806, 180154719",none,11:13:00.000000,Yes,ONT,13
2025-01-20 00:00:00,Open_slot,15:00,VRT,3,2,20259447,CSS260620WZMC 180156348,missing labels,11:09:00.000000,Yes,ONT,-231
2025-01-20 00:00:00,Fixed,12:30,SGM,23,0,20259364,180157507 & 180153375,IDN qty wrong,12:29:00.000000,Yes,ONT,-1
2025-01-20 00:00:00,Open_slot,15:00,QMS,11,30,20257189,"CSS260728WZMC-180156503, CSS260316WZMC-180157732, CSS260073WZMC - 180158362",none,12:24:00.000000,Yes,ONT,-156
2025-01-21 00:00:00,Fixed,07:00,MDF,4,0,20251184,CSS260383WZMC 180150361,Damaged pallet - noted on IDN,06:51:00.000000,Yes,ONT,-9
2025-01-21 00:00:00,Fixed,07:00,CWX,13,10,20258538,CSS260127WZMC-180152734,IDN not matching PO,07:11:00.000000,Yes,ONT,11
2025-01-21 00:00:00,Fixed,10:30,SGM,1,16,20251118,"CSS260331WZMC-180155934
CSS260984WZMC - 180152249
CSS260913WZMC - 180155086",Mixed SKUs on pallet,09:09:00.000000,Yes,EARL,-81
2025-01-21 00:00:00,Open_slot,15:00,KTR,0,34,20250237,CSS260438WZMC 180154747,none,13:50:00.000000,Yes,ONT,-70
2025-01-21 00:00:00,Open_slot,15:00,DLX,11,0,20254903,CSS260882WZMC - 180154120,none,08:08:00.000000,Yes,ONT,-412
2025-01-21 00:00:00,Fixed,13:30,YTS,5,6,20259846,CSS260408WZMC - 180156119,No paperwork with driver,13:41:00.000000,Yes,ONT,11
2025-01-21 00:00:00,Fixed,13:30,ZAK,1,36,20251788,180152074,none,13:34:00.000000,Yes,ONT,4
2025-01-22 00:00:00,Open_slot,15:00,ADL,8,0,20250860,180150500 & 180154976 & 180151812 & 180154604,Carton qty short vs IDN,14:55:00.000000,Yes,ONT,-5
2025-01-22 00:00:00,Fixed,10:30,TAV,3,0,20257918,180154070,Pallet count differs from IDN,10:13:00.000000,Yes,ONT,-17
2025-01-22 00:00:00,Open_slot,15:00,HCN,4,0,20257026,No_IDN_provided,none,14:31:00.000000,Yes,ONT,-29
2025-01-22 00:00:00,Fixed,10:30,EJN,6,0,20257049,CSS260016WZMC 180159737,none,10:22:00.000000,Yes,ONT,-8
2025-01-22 00:00:00,Fixed,11:00,RFT,0,24,20254723,180154871,none,09:18:00.000000,Yes,EARL,-102
2025-01-22 00:00:00,Open_slot,15:00,PVC,20,36,20250676,180155475,IDN sent late by vendor,15:59:00.000000,No,LATE_01,59
2025-01-22 00:00:00,Fixed,10:30,TGE,14,28,20253669,CSS260894WZMC - 180153257,none,11:02:00.000000,No,LATE_01,32
2025-01-22 00:00:00,Open_slot,15:00,XPR,4,0,20254117,CSS260748WZMC 180154664 / CSS260595WZMC-180153818 / CSS260715WZMC - 180159864,Mixed SKUs on pallet,14:07:00.000000,Yes,ONT,-53
2025-01-23 00:00:00,Fixed,12:00,SGM,22,0,20253160,not required,none,11:55:00.000000,Yes,ONT,-5
2025-01-23 00:00:00,Fixed,12:30,GWL,27,18,20259690,CSS260686WZMC 180155804,idn doesnt match,12:30:00.000000,Yes,ONT,0
2025-01-23 00:00:00,Open_slot,15:00,KTR,0,58,20251255,180159179,none,09:09:00.000000,Yes,ONT,-351
2025-01-23 00:00:00,Fixed,09:30,CWX,10,31,20258153,180156073,none,09:43:00.000000,Yes,ONT,13
2025-01-23 00:00:00,Open_slot,15:00,ORK,16,20,20250035,180156020 & 180156870 & 180159822 & 180158799,none,12:32:00.000000,Yes,ONT,-148
2025-01-23 00:00:00,Fixed,10:30,EJN,10,0,20254415,180151769  180154821  180155317  180153570,none,10:45:00.000000,Yes,ONT,15
2025-01-23 00:00:00,Fixed,12:30,NRL,6,0,20250171,CSS260451WZMC-180154392,IDN illegible,12:05:00.000000,Yes,ONT,-25
2025-01-24 00:00:00,Open_slot,15:00,VRT,3,0,20254695,"180159731
180156321
180159316",Mixed SKUs on pallet,10:48:00.000000,Yes,ONT,-252
2025-01-24 00:00:00,Open_slot,15:00,SBK,13,0,20255484,CSS260584WZMC-180155975,Pallet count differs from IDN,15:19:00.000000,Yes,ONT,19
2025-01-24 00:00:00,Fixed,09:30,CWX,7,0,20257172,CSS260094WZMC 180153982,none,09:29:00.000000,Yes,ONT,-1
2025-01-24 00:00:00,Open_slot,15:00,JHT,1,0,20252688,No_IDN_provided,none,11:30:00.000000,Yes,ONT,-210
2025-01-24 00:00:00,Fixed,13:00,NHP,1,34,20257689,180156470,Damaged pallet - noted on IDN,12:54:00.000000,Yes,ONT,-6
2025-01-24 00:00:00,Fixed,14:00,TAV,9,0,20259605,CSS260358WZMC - 180158460,2 IDNs for 1 delivery,13:14:00.000000,Yes,EARL,-46
2025-01-27 00:00:00,Open_slot,15:00,LUM,1,57,20251732,180159904,none,12:21:00.000000,Yes,ONT,-159
2025-01-27 00:00:00,unscheduled,,NRL,10,39,20256909,CSS260544WZMC-180157264,IDN qty wrong,07:13:00.000000,No,NSCH,
2025-01-27 00:00:00,Fixed,06:30,CWX,6,30,20243550,180156502,none,06:45:00.000000,Yes,ONT,15
2025-01-27 00:00:00,Fixed,08:30,XPR,7,0,20256616,180156114 / 180154514,IDN sent late by vendor,08:31:00.000000,Yes,ONT,1
2025-01-27 00:00:00,Fixed,10:30,QMS,0,96,20251901,CSS260261WZMC - 180157213,IDN not matching PO,10:26:00.000000,Yes,ONT,-4
2025-01-27 00:00:00,Open_slot,15:00,DLX,9,0,20254210,"180154841
180153261
180153075
180158842",none,09:07:00.000000,Yes,ONT,-353
2025-01-27 00:00:00,Fixed,14:00,MDF,6,0,20256259,180151898,none,13:45:00.000000,Yes,ONT,-15
2025-01-27 00:00:00,Fixed,07:00,WDH,28,12,20268510,180159809 & 180159061 & 180159334 & 180152951,none,06:45:00.000000,Yes,ONT,-15
2025-01-28 00:00:00,Fixed,13:30,YTS,2,10,20253334,CSS260853WZMC-180150056,none,13:28:00.000000,Yes,ONT,-2
2025-01-28 00:00:00,Open_slot,15:00,VRT,5,0,20251917,CSS260796WZMC-180155303,none,13:05:00.000000,Yes,ONT,-115
2025-01-28 00:00:00,Fixed,09:00,MDF,1,37,20252009,CSS260458WZMC - 180158160,none,09:14:00.000000,Yes,ONT,14
2025-01-28 00:00:00,Open_slot,15:00,FNB,1,0,20258069,No_IDN_provided,IDN missing on arrival,12:19:00.000000,Yes,ONT,-161
2025-01-28 00:00:00,Fixed,13:30,HCN,3,0,20250374,180153437,none,14:20:00.000000,No,LATE_01,50
2025-01-28 00:00:00,Open_slot,15:00,NHP,1,82,20253844,180158040,none,13:11:00.000000,Yes,ONT,-109
2025-01-28 00:00:00,Open_slot,15:00,DLX,0,44,20250839,180153008,Damaged pallet - noted on IDN,16:23:00.000000,No,LATE_02,83
2025-01-29 00:00:00,Fixed,06:30,ADL,16,0,20256200,CSS260038WZMC 180157997,none,06:20:00.000000,Yes,ONT,-10
2025-01-29 00:00:00,Open_slot,15:00,LUM,0,36,20259335,180159773,none,11:02:00.000000,Yes,ONT,-238
2025-01-29 00:00:00,Fixed,10:30,EJN,10,15,20254258,180152086,IDN sent late by vendor,10:21:00.000000,Yes,ONT,-9
2025-01-29 00:00:00,Fixed,06:00,TAV,9,0,20254753,CSS260893WZMC - 180155137,none,05:46:00.000000,Yes,ONT,-14
2025-01-29 00:00:00,Fixed,13:30,CWX,8,0,20255536,IDN NOT REQUIRED,none,13:20:00.000000,Yes,ONT,-10
2025-01-29 00:00:00,Fixed,08:30,XPR,4,0,20262046,180155239,No paperwork with driver,08:36:00.000000,Yes,ONT,6
2025-01-29 00:00:00,Fixed,13:00,PVC,20,0,20253261,180150139,IDN not matching PO,12:54:00.000000,Yes,ONT,-6
2025-01-30 00:00:00,Fixed,09:00,MDF,3,0,20252287,CSS260171WZMC – 180152414,none,08:42:00.000000,Yes,ONT,-18
2025-01-30 00:00:00,Open_slot,15:00,KMB,9,0,20250834,n/a - not req,SKU on IDN not on PO,09:11:00.000000,Yes,ONT,-349
2025-01-30 00:00:00,Fixed,12:30,GWL,18,0,20254303,IDN NOT REQUIRED,none,12:44:00.000000,Yes,ONT,14
2025-01-30 00:00:00,Fixed,11:00,RFT,22,34,20258953,CSS260690WZMC-180150727,Carton qty short vs IDN,10:32:00.000000,Yes,ONT,-28
2025-01-30 00:00:00,Fixed,08:00,ZAK,1,11,20253737,180152680,none,07:55:00.000000,Yes,ONT,-5
2025-01-30 00:00:00,Open_slot,15:00,BOS,11,0,20255244,CSS260106WZMC - 180151510,IDN sent late by vendor,11:46:00.000000,Yes,ONT,-194
2025-01-30 00:00:00,Fixed,10:30,LUM,1,35,20258103,180151896,IDN sent late by vendor,10:52:00.000000,Yes,ONT,22
2025-01-31 00:00:00,Fixed,13:00,NHP,6,0,20254056,CSS260009WZMC – 180151668,Carton qty short vs IDN,14:13:00.000000,No,LATE_02,73
2025-01-31 00:00:00,Fixed,06:00,ZAK,4,0,20254535,CSS260784WZMC - 180159190,short 1 pallet,06:02:00.000000,Yes,ONT,2
2025-01-31 00:00:00,Open_slot,15:00,FNB,3,32,20252340,180150364,SKU on IDN not on PO,14:06:00.000000,Yes,ONT,-54
2025-01-31 00:00:00,Open_slot,15:00,JHT,6,0,20254201,No_IDN_provided,no idn with driver,07:18:00.000000,Yes,EARL,-462
2025-01-31 00:00:00,Fixed,07:00,KMB,4,34,20259096,No_IDN_provided,no idn with driver,06:55:00.000000,Yes,ONT,-5
2025-01-31 00:00:00,Fixed,08:00,ORK,18,0,20257186,CSS260836WZMC - 180151310  CSS260832WZMC 180154234  CSS260603WZMC - 180155140  180150773,Pallet count differs from IDN,08:00:00.000000,Yes,ONT,0
2025-01-31 00:00:00,Fixed,08:30,XPR,2,0,20250065,No_IDN_provided,none,08:24:00.000000,Yes,ONT,-6
2025-02-03 00:00:00,Fixed,07:00,NRL,1,37,20253786,"CSS260225WZMC – 180152045, CSS260649WZMC – 180151154",IDN illegible,07:30:00.000000,Yes,ONT,30
2025-02-03 00:00:00,Open_slot,15:00,KTR,0,88,20253120,180155843 & 180150161 & 180150925,none,11:55:00.000000,Yes,ONT,-185
2025-02-03 00:00:00,Fixed,08:30,XPR,10,0,20258780,No_IDN_provided,No IDN provided,08:36:00.000000,Yes,ONT,6
2025-02-03 00:00:00,Fixed,11:00,TAV,5,22,20269822,CSS260951WZMC-180153904 / CSS260577WZMC - 180158687,No paperwork with driver,11:07:00.000000,Yes,ONT,7
2025-02-03 00:00:00,Open_slot,15:00,KMB,7,0,20250895,IDN not required,none,09:38:00.000000,Yes,ONT,-322
2025-02-03 00:00:00,Fixed,10:30,LUM,2,30,20245922,CSS260052WZMC – 180153906,none,10:50:00.000000,Yes,ONT,20
2025-02-04 00:00:00,Open_slot,15:00,VRT,4,0,20254104,180150375 & 180159339 & 180150720 & 180152769,Damaged pallet - noted on IDN,13:33:00.000000,Yes,ONT,-87
2025-02-04 00:00:00,Fixed,08:30,XPR,11,18,20259649,CSS260529WZMC – 180155098,Mixed SKUs on pallet,08:33:00.000000,Yes,ONT,3
2025-02-04 00:00:00,Fixed,09:00,MDF,5,0,20250574,180154322,none,08:17:00.000000,Yes,EARL,-43
2025-02-04 00:00:00,Fixed,11:00,RFT,1,109,20256096,CSS260734WZMC - 180153722 / CSS260295WZMC - 180150657,none,10:38:00.000000,Yes,ONT,-22
2025-02-04 00:00:00,Fixed,09:00,NRL,4,0,20251854,180155453,none,08:57:00.000000,Yes,ONT,-3
2025-02-04 00:00:00,Fixed,11:00,KMB,9,0,20250883,CSS260288WZMC 180152142,none,11:02:00.000000,Yes,ONT,2
2025-02-04 00:00:00,Fixed,09:30,TAV,5,9,20259529,180158789,none,09:36:00.000000,Yes,ONT,6
2025-02-04 00:00:00,Fixed,13:30,HCN,4,0,20254922,180156503,none,14:50:00.000000,No,LATE_02,80
2025-02-05 00:00:00,Open_slot,15:00,ZAK,2,0,20259421,IDN NOT REQUIRED,none,08:37:00.000000,Yes,ONT,-383
2025-02-05 00:00:00,Fixed,13:30,HCN,8,0,20268831,180150552,IDN sent late by vendor,13:25:00.000000,Yes,ONT,-5
2025-02-05 00:00:00,Open_slot,15:00,SBK,15,0,20257775,180159667,none,06:30:00.000000,Yes,EARL,-510
2025-02-05 00:00:00,Fixed,12:30,TAV,8,31,20256088,CSS260613WZMC - 180155464,Carton qty short vs IDN,12:21:00.000000,Yes,ONT,-9
2025-02-05 00:00:00,Fixed,09:00,SGM,1,55,20256841,CSS260064WZMC-180157459,none,08:48:00.000000,Yes,ONT,-12
2025-02-05 00:00:00,Fixed,11:30,RFT,2,119,20256121,CSS260146WZMC - 180155702,none,11:18:00.000000,Yes,ONT,-12
2025-02-06 00:00:00,Open_slot,15:00,RFT,19,10,20258526,CSS260820WZMC - 180154508,short 1 pallet,14:45:00.000000,Yes,ONT,-15
2025-02-06 00:00:00,Open_slot,15:00,ORK,19,0,20255516,180158220,none,09:27:00.000000,Yes,ONT,-333
2025-02-06 00:00:00,Open_slot,15:00,WDH,26,22,20257295,"CSS260092WZMC-180153406, CSS260707WZMC - 180150673",none,09:23:00.000000,Yes,ONT,-337
2025-02-06 00:00:00,Fixed,12:30,GWL,18,0,20258289,CSS260847WZMC - 180158374,none,12:32:00.000000,Yes,ONT,2
2025-02-06 00:00:00,Open_slot,15:00,KTR,0,43,20258300,180159449,Pallet count differs from IDN,14:16:00.000000,Yes,ONT,-44
2025-02-06 00:00:00,Open_slot,15:00,BOS,5,0,20250298,CSS260398WZMC - 180157234,Damaged pallet - noted on IDN,09:38:00.000000,Yes,ONT,-322
2025-02-07 00:00:00,Open_slot,15:00,GWL,19,26,20252401,CSS260292WZMC 180154088,idn doesnt match,13:36:00.000000,Yes,ONT,-84
2025-02-07 00:00:00,Fixed,13:00,NRL,4,0,20257672,CSS260352WZMC - 180155062 & CSS260391WZMC - 180153765 & 180156848,Carton qty short vs IDN,13:34:00.000000,No,LATE_01,34
2025-02-07 00:00:00,Fixed,06:00,CWX,17,0,20253899,CSS260669WZMC - 180159034,none,06:01:00.000000,Yes,ONT,1
2025-02-07 00:00:00,Fixed,12:00,TAV,3,0,20254642,CSS260022WZMC 180152411,Damaged pallet - noted on IDN,12:07:00.000000,Yes,ONT,7
2025-02-07 00:00:00,Fixed,11:00,ZAK,1,44,20250915,CSS260383WZMC - 180155288  CSS260674WZMC - 180156237  180154832,none,14:17:00.000000,No,LATE_02,197
2025-02-07 00:00:00,Open_slot,15:00,RFT,0,103,20251515,180153594,none,10:16:00.000000,Yes,ONT,-284
2025-02-10 00:00:00,Fixed,13:30,HCN,2,28,20258507,No_IDN_provided,IDN missing on arrival,13:34:00.000000,Yes,ONT,4
2025-02-10 00:00:00,Fixed,08:30,XPR,10,11,20256701,"180159196, 180154829",SKU on IDN not on PO,10:10:00.000000,No,LATE_02,100
2025-02-10 00:00:00,Fixed,13:30,TAV,4,0,20251177,180156771,idn doesnt match,13:16:00.000000,Yes,ONT,-14
2025-02-10 00:00:00,Open_slot,15:00,KMB,11,0,20251637,"180153068
180153394
180156569",none,14:25:00.000000,Yes,ONT,-35
2025-02-10 00:00:00,Open_slot,15:00,SBK,19,0,20259485,"180152979, 180155560",SKU on IDN not on PO,12:31:00.000000,Yes,ONT,-149
2025-02-10 00:00:00,Fixed,11:00,BRV,8,20,20250015,n/a - not req,none,10:49:00.000000,Yes,ONT,-11
2025-02-10 00:00:00,Fixed,06:30,SGM,19,15,20254394,180155721,none,06:27:00.000000,Yes,ONT,-3
2025-02-10 00:00:00,Fixed,07:30,NRL,12,0,20258179,"180152682, 180156508, 180157061",Chased vendor for IDN,07:29:00.000000,Yes,ONT,-1
2025-02-11 00:00:00,Open_slot,15:00,MDF,2,19,20253681,"CSS260953WZMC-180155994, CSS260186WZMC 180156243",IDN sent late by vendor,09:53:00.000000,Yes,ONT,-307
2025-02-11 00:00:00,Open_slot,15:00,SBK,24,28,20253911,180153240,Mixed SKUs on pallet,14:45:00.000000,Yes,ONT,-15
2025-02-11 00:00:00,Fixed,08:30,SGM,24,0,20258687,180155852,Duplicate IDN,08:36:00.000000,Yes,ONT,6
2025-02-11 00:00:00,Open_slot,15:00,DLX,1,46,20254978,CSS260986WZMC-180156631,IDN qty wrong,12:50:00.000000,Yes,ONT,-130
2025-02-11 00:00:00,Fixed,10:30,TGE,9,0,20253507,No_IDN_provided,none,Not_arrived,No,LATE_03,
2025-02-11 00:00:00,Open_slot,15:00,YTS,0,45,20252608,No_IDN_provided,none,Not_arrived,No,LATE_03,
2025-02-12 00:00:00,Open_slot,15:00,JHT,1,0,20255942,CSS260763WZMC - 180153620,IDN not matching PO,13:00:00.000000,Yes,ONT,-120
2025-02-12 00:00:00,Fixed,13:30,ZAK,6,0,20259732,180154228,Mixed SKUs on pallet,14:12:00.000000,No,LATE_01,42
2025-02-12 00:00:00,Fixed,08:30,XPR,11,29,20251429,180150599,none,08:31:00.000000,Yes,ONT,1
2025-02-12 00:00:00,Open_slot,15:00,BOS,15,0,20258559,180151594,none,12:03:00.000000,Yes,ONT,-177
2025-02-12 00:00:00,Open_slot,15:00,ADL,14,0,20250112,CSS260073WZMC-180158729,none,07:46:00.000000,Yes,ONT,-434
2025-02-12 00:00:00,Fixed,09:00,MDF,3,0,20251164,180158293,IDN sent late by vendor,08:55:00.000000,Yes,ONT,-5
2025-02-13 00:00:00,Open_slot,15:00,KTR,11,0,20256901,No_IDN_provided,none,08:57:00.000000,Yes,ONT,-363
2025-02-13 00:00:00,Open_slot,15:00,DLX,0,94,20252978,180152999,none,07:45:00.000000,Yes,ONT,-435
2025-02-13 00:00:00,Fixed,06:00,BOS,7,0,20254542,180155951,IDN illegible,06:04:00.000000,Yes,ONT,4
2025-02-13 00:00:00,Fixed,08:00,MDF,2,0,20251994,180154307,none,08:12:00.000000,Yes,ONT,12
2025-02-13 00:00:00,Fixed,10:30,TGE,8,0,20257050,CSS260804WZMC – 180154023,IDN - PO no. missing,10:20:00.000000,Yes,ONT,-10
2025-02-13 00:00:00,Fixed,08:30,XPR,9,0,20257913,CSS260075WZMC – 180153051 & CSS260386WZMC – 180157682,none,08:16:00.000000,Yes,ONT,-14
2025-02-14 00:00:00,Fixed,11:00,RFT,2,77,20257993,180159315,none,11:00:00.000000,Yes,ONT,0
2025-02-14 00:00:00,Fixed,12:30,BRV,14,10,20254050,180158246,none,12:36:00.000000,Yes,ONT,6
2025-02-14 00:00:00,Fixed,14:00,YTS,0,63,20257523,CSS260010WZMC - 180151103,none,14:02:00.000000,Yes,ONT,2
2025-02-14 00:00:00,Fixed,06:30,ADL,15,0,20253886,180158686,2 IDNs for 1 delivery,06:29:00.000000,Yes,ONT,-1
2025-02-14 00:00:00,Fixed,12:30,GWL,20,0,20256564,No_IDN_provided,IDN missing on arrival,12:40:00.000000,Yes,ONT,10
2025-02-14 00:00:00,Fixed,08:30,XPR,9,30,20255028,not required,none,09:15:00.000000,No,LATE_01,45
2025-02-14 00:00:00,Fixed,13:00,TAV,6,0,20253382,CSS260363WZMC - 180159767,none,12:24:00.000000,Yes,EARL,-36
2025-02-17 00:00:00,Open_slot,15:00,LUM,0,48,20256298,180153729  180151185,none,08:02:00.000000,Yes,ONT,-418
2025-02-17 00:00:00,Fixed,10:30,EJN,8,0,20253000,180153115,none,10:21:00.000000,Yes,ONT,-9
2025-02-17 00:00:00,Open_slot,15:00,BOS,7,0,20255781,No_IDN_provided,No IDN provided,15:41:00.000000,No,LATE_01,41
2025-02-17 00:00:00,Fixed,06:30,TAV,12,0,20258511,180153443,Mixed SKUs on pallet,06:37:00.000000,Yes,ONT,7
2025-02-17 00:00:00,Fixed,14:00,CWX,7,0,20251962,No_IDN_provided,none,13:44:00.000000,Yes,ONT,-16
2025-02-17 00:00:00,Fixed,08:30,XPR,8,0,20256195,180155126,none,09:48:00.000000,No,LATE_02,78
2025-02-17 00:00:00,Open_slot,15:00,KMB,14,39,20250226,CSS260039WZMC - 180150099,none,13:06:00.000000,Yes,ONT,-114
2025-02-17 00:00:00,Fixed,08:00,SGM,2,61,20258237,No_IDN_provided,none,08:19:00.000000,Yes,ONT,19
2025-02-18 00:00:00,Fixed,06:30,WDH,26,0,20259169,180157224,none,06:39:00.000000,Yes,ONT,9
2025-02-18 00:00:00,Open_slot,15:00,VRT,4,0,20259283,No_IDN_provided,No IDN provided,11:05:00.000000,Yes,ONT,-235
2025-02-18 00:00:00,Fixed,13:00,NRL,10,0,20251943,No_IDN_provided,IDN missing on arrival,13:10:00.000000,Yes,ONT,10
2025-02-18 00:00:00,Open_slot,15:00,DLX,11,7,20252661,CSS260390WZMC-180159496,none,14:44:00.000000,Yes,ONT,-16
2025-02-18 00:00:00,Fixed,09:00,TAV,5,26,20257595,CSS260482WZMC-180154191,none,08:51:00.000000,Yes,ONT,-9
2025-02-18 00:00:00,Fixed,13:30,YTS,0,39,20252811,180157436,none,13:29:00.000000,Yes,ONT,-1
2025-02-18 00:00:00,Open_slot,15:00,KTR,13,5,20259609,180152007,none,14:02:00.000000,Yes,ONT,-58
2025-02-19 00:00:00,Fixed,13:30,HCN,6,0,20258819,No_IDN_provided,none,Not_arrived,No,LATE_03,
2025-02-19 00:00:00,Fixed,08:30,XPR,6,0,20253833,CSS260469WZMC - 180156750 & CSS260497WZMC - 180157663 & CSS260223WZMC – 180159253,none,09:09:00.000000,No,LATE_01,39
2025-02-19 00:00:00,Fixed,06:30,ADL,21,0,20252301,180156226,none,06:06:00.000000,Yes,ONT,-24
2025-02-19 00:00:00,Fixed,07:00,LUM,1,6,20250390,180150800,Wrong IDN attached,07:03:00.000000,Yes,ONT,3
2025-02-19 00:00:00,Fixed,11:00,PLZ,3,0,20250300,CSS260176WZMC 180157460,IDN illegible,10:54:00.000000,Yes,ONT,-6
2025-02-19 00:00:00,Open_slot,15:00,JHT,1,3,20256047,180155424,SKU on IDN not on PO,14:45:00.000000,Yes,ONT,-15
2025-02-19 00:00:00,Fixed,13:00,PVC,19,0,20254939,180152807,Mixed SKUs on pallet,12:35:00.000000,Yes,ONT,-25
2025-02-19 00:00:00,Open_slot,15:00,KTR,0,27,20255494,No_IDN_provided,none,11:57:00.000000,Yes,ONT,-183
2025-02-20 00:00:00,Fixed,09:30,TAV,5,35,20253427,180159262,none,09:27:00.000000,Yes,ONT,-3
2025-02-20 00:00:00,Fixed,09:00,MDF,4,0,20250618,CSS260089WZMC 180150414,none,09:01:00.000000,Yes,ONT,1
2025-02-20 00:00:00,Fixed,12:30,GWL,25,5,20256371,CSS260175WZMC-180151679 & CSS260558WZMC-180159231,none,12:10:00.000000,Yes,ONT,-20
2025-02-20 00:00:00,Fixed,11:00,CWX,9,0,20256127,180150123  180158391,none,11:03:00.000000,Yes,ONT,3
2025-02-20 00:00:00,Open_slot,15:00,LUM,4,0,20241768,No_IDN_provided,No IDN provided,10:51:00.000000,Yes,ONT,-249
2025-02-20 00:00:00,Fixed,08:00,ORK,25,0,20255948,No_IDN_provided,none,08:13:00.000000,Yes,ONT,13
2025-02-20 00:00:00,Fixed,11:00,NRL,12,0,20257001,180159558,Duplicate IDN,10:30:00.000000,Yes,ONT,-30
2025-02-20 00:00:00,Open_slot,15:00,DLX,0,55,20267959,"CSS260540WZMC - 180151907, CSS260208WZMC - 180152005",SKU on IDN not on PO,12:03:00.000000,Yes,ONT,-177
2025-02-21 00:00:00,Open_slot,15:00,NHP,1,27,20252150,180151956,IDN - PO no. missing,11:36:00.000000,Yes,ONT,-204
2025-02-21 00:00:00,Open_slot,15:00,GWL,15,0,20253745,CSS260533WZMC - 180159444,2 IDNs for 1 delivery,14:02:00.000000,Yes,ONT,-58
2025-02-21 00:00:00,Open_slot,15:00,JHT,4,0,20251186,180155886,IDN not matching PO,10:42:00.000000,Yes,ONT,-258
2025-02-21 00:00:00,Open_slot,15:00,SBK,10,0,20259970,180154213,none,14:27:00.000000,Yes,ONT,-33
2025-02-21 00:00:00,Fixed,13:30,NRL,11,0,20254970,No_IDN_provided,no idn with driver,11:49:00.000000,Yes,EARL,-101
2025-02-21 00:00:00,Open_slot,15:00,WDH,15,0,20259493,CSS260426WZMC - 180158364,none,14:28:00.000000,Yes,ONT,-32
2025-02-21 00:00:00,Fixed,06:30,ADL,16,32,20259497,180150913,none,06:16:00.000000,Yes,ONT,-14
2025-02-24 00:00:00,Fixed,08:30,XPR,12,0,20255632,180152193,none,08:12:00.000000,Yes,ONT,-18
2025-02-24 00:00:00,Fixed,11:00,RFT,2,113,20251438,180152498,idn doesnt match,10:34:00.000000,Yes,ONT,-26
2025-02-24 00:00:00,Fixed,10:30,QMS,9,13,20259820,IDN not required,none,10:23:00.000000,Yes,ONT,-7
2025-02-24 00:00:00,Fixed,11:00,NRL,6,0,20253366,CSS260022WZMC – 180159706,Carton qty short vs IDN,10:47:00.000000,Yes,ONT,-13
2025-02-24 00:00:00,Fixed,07:00,PLZ,5,39,20243365,180158537,none,07:06:00.000000,Yes,ONT,6
2025-02-24 00:00:00,Fixed,10:00,TAV,9,0,20257729,No_IDN_provided,IDN missing on arrival,09:45:00.000000,Yes,ONT,-15
2025-02-24 00:00:00,Fixed,09:30,ZAK,5,0,20258134,No_IDN_provided,no idn with driver,09:26:00.000000,Yes,ONT,-4
2025-02-25 00:00:00,Fixed,08:00,ORK,14,0,20258706,CSS260803WZMC - 180157859,IDN not matching PO,07:54:00.000000,Yes,ONT,-6
2025-02-25 00:00:00,Fixed,09:00,ZAK,2,113,20255211,No_IDN_provided,none,11:51:00.000000,No,LATE_02,171
2025-02-25 00:00:00,Fixed,08:30,XPR,9,37,20268385,180151307,none,08:21:00.000000,Yes,ONT,-9
2025-02-25 00:00:00,Open_slot,15:00,DLX,0,84,20254519,CSS260124WZMC – 180157515,IDN - PO no. missing,12:06:00.000000,Yes,ONT,-174
2025-02-25 00:00:00,Fixed,10:30,LUM,2,93,20251219,180150703,none,10:31:00.000000,Yes,ONT,1
2025-02-25 00:00:00,Fixed,09:00,MDF,5,0,20254423,No_IDN_provided,no idn with driver,09:11:00.000000,Yes,ONT,11
2025-02-26 00:00:00,unscheduled,,XPR,5,8,20259942,180153987,none,06:40:00.000000,No,NSCH,
2025-02-26 00:00:00,Fixed,09:00,RFT,2,52,20259553,CSS260332WZMC-180158981,none,08:52:00.000000,Yes,ONT,-8
2025-02-26 00:00:00,Fixed,12:30,ZAK,1,115,20250704,CSS260987WZMC-180154509  CSS260692WZMC - 180155595,none,12:25:00.000000,Yes,ONT,-5
2025-02-26 00:00:00,Open_slot,15:00,HCN,4,0,20253247,180151997,Carton qty short vs IDN,15:55:00.000000,No,LATE_01,55
2025-02-26 00:00:00,Fixed,10:00,NRL,10,0,20256347,CSS260432WZMC 180155871 / CSS260010WZMC 180157836 / CSS260186WZMC 180159095 / 180152803,short 1 pallet,09:57:00.000000,Yes,ONT,-3
2025-02-26 00:00:00,Fixed,10:30,TGE,19,0,20252260,180151678,IDN sent late by vendor,10:30:00.000000,Yes,ONT,0
2025-02-26 00:00:00,Fixed,12:00,TAV,9,3,20254009,"CSS260650WZMC - 180159635
CSS260569WZMC – 180150803",IDN sent late by vendor,11:30:00.000000,Yes,ONT,-30
2025-02-27 00:00:00,Open_slot,15:00,FNB,2,14,20254140,"180157061, 180153804, 180154745",Duplicate IDN,09:28:00.000000,Yes,ONT,-332
2025-02-27 00:00:00,Fixed,06:00,SGM,0,117,20252381,"180151346
180150664
180158483
180151578",none,05:53:00.000000,Yes,ONT,-7
2025-02-27 00:00:00,Open_slot,15:00,ORK,17,0,20253370,180151306,none,12:09:00.000000,Yes,ONT,-171
2025-02-27 00:00:00,Fixed,13:30,NRL,9,0,20254229,No_IDN_provided,no idn with driver,13:36:00.000000,Yes,ONT,6
2025-02-27 00:00:00,Fixed,09:00,PLZ,3,0,20258471,180150905,none,08:58:00.000000,Yes,ONT,-2
2025-02-27 00:00:00,Fixed,13:30,YTS,1,116,20258496,CSS260996WZMC - 180155311,No paperwork with driver,14:20:00.000000,No,LATE_01,50
2025-02-27 00:00:00,Fixed,06:30,ADL,12,38,20251468,180153891,none,06:26:00.000000,Yes,ONT,-4
2025-02-27 00:00:00,Open_slot,15:00,KMB,16,0,20259311,No_IDN_provided,IDN missing on arrival,08:23:00.000000,Yes,ONT,-397
2025-02-28 00:00:00,Open_slot,15:00,SBK,26,27,20255721,CSS260730WZMC - 180158284,none,13:10:00.000000,Yes,ONT,-110
2025-02-28 00:00:00,Fixed,13:00,NHP,2,25,20256539,CSS260845WZMC - 180150357,none,13:11:00.000000,Yes,ONT,11
2025-02-28 00:00:00,Fixed,08:00,NRL,8,0,20256529,180151160,none,07:56:00.000000,Yes,ONT,-4
2025-02-28 00:00:00,Fixed,06:30,PLZ,8,17,20250944,CSS260827WZMC-180157289,IDN qty wrong,06:21:00.000000,Yes,ONT,-9
2025-02-28 00:00:00,Fixed,13:30,CWX,9,38,20258290,"180152357, 180151740, 180155555, 180152741",none,11:31:00.000000,Yes,EARL,-119
2025-02-28 00:00:00,Open_slot,15:00,TAV,9,0,20255677,180157302,none,11:03:00.000000,Yes,ONT,-237
2025-02-28 00:00:00,Open_slot,15:00,VRT,1,0,20256845,No_IDN_provided,No IDN provided,09:58:00.000000,Yes,ONT,-302
2025-03-03 00:00:00,Fixed,10:00,ZAK,8,0,20254789,CSS260996WZMC-180151527,IDN sent late by vendor,09:59:00.000000,Yes,ONT,-1
2025-03-03 00:00:00,Fixed,07:30,KMB,4,0,20252471,180150815,Mixed SKUs on pallet,07:55:00.000000,Yes,ONT,25
2025-03-03 00:00:00,Fixed,08:00,TAV,7,0,20254918,180154484,none,06:30:00.000000,Yes,EARL,-90
2025-03-03 00:00:00,Fixed,09:00,MDF,2,31,20250066,CSS260627WZMC-180158829 / CSS260208WZMC-180159219 / CSS260329WZMC – 180154032,none,08:47:00.000000,Yes,ONT,-13
2025-03-03 00:00:00,Open_slot,15:00,XPR,11,38,20252214,CSS260525WZMC 180159657,IDN - PO no. missing,06:57:00.000000,Yes,EARL,-483
2025-03-03 00:00:00,Fixed,10:30,QMS,2,24,20257654,No_IDN_provided,no idn with driver,10:52:00.000000,Yes,ONT,22
2025-03-03 00:00:00,Fixed,06:00,CWX,6,35,20257397,"180159589
180153806
180159633
180154072",none,06:10:00.000000,Yes,ONT,10
2025-03-04 00:00:00,Open_slot,15:00,KTR,20,18,20256933,not required,none,08:12:00.000000,Yes,ONT,-408
2025-03-04 00:00:00,Fixed,08:30,ZAK,4,0,20247829,180150001,Damaged pallet - noted on IDN,06:55:00.000000,Yes,EARL,-95
2025-03-04 00:00:00,Fixed,11:00,BRV,7,0,20253305,No_IDN_provided,none,Not_arrived,No,LATE_03,
2025-03-04 00:00:00,Open_slot,15:00,SBK,24,35,20256116,IDN NOT REQUIRED,IDN - PO no. missing,10:45:00.000000,Yes,ONT,-255
2025-03-04 00:00:00,Fixed,10:00,MDF,4,0,20255791,180157253,none,10:10:00.000000,Yes,ONT,10
2025-03-04 00:00:00,Fixed,13:00,NHP,1,101,20254799,180151127,none,13:09:00.000000,Yes,ONT,9
2025-03-04 00:00:00,Open_slot,15:00,VRT,6,9,20253094,180152365,IDN sent late by vendor,13:29:00.000000,Yes,ONT,-91
2025-03-05 00:00:00,Open_slot,15:00,KMB,8,0,20251113,"CSS260545WZMC 180155353, CSS260947WZMC 180159331, CSS260465WZMC-180150309",none,11:48:00.000000,Yes,ONT,-192
2025-03-05 00:00:00,Open_slot,15:00,HCN,6,35,20256985,No_IDN_provided,none,16:15:00.000000,No,LATE_02,75
2025-03-05 00:00:00,Fixed,12:30,ZAK,0,102,20256328,"180158163, 180156041",short 1 pallet,12:25:00.000000,Yes,ONT,-5
2025-03-05 00:00:00,Fixed,07:30,CWX,6,0,20247901,180159754,none,07:37:00.000000,Yes,ONT,7
2025-03-05 00:00:00,Open_slot,15:00,XPR,5,31,20258637,CSS260003WZMC – 180154062,none,14:33:00.000000,Yes,ONT,-27
2025-03-05 00:00:00,Open_slot,15:00,BOS,8,0,20252227,"180156179
180155676",idn doesnt match,09:50:00.000000,Yes,ONT,-310
2025-03-05 00:00:00,Fixed,06:30,ADL,17,0,20253951,180150239,Damaged pallet - noted on IDN,06:19:00.000000,Yes,ONT,-11
2025-03-06 00:00:00,Fixed,12:30,GWL,18,0,20251928,CSS260497WZMC - 180155031  CSS260400WZMC – 180159858  180152595,none,12:29:00.000000,Yes,ONT,-1
2025-03-06 00:00:00,Open_slot,15:00,ZAK,3,0,20252984,180157939,Mixed SKUs on pallet,17:13:00.000000,No,LATE_02,133
2025-03-06 00:00:00,Open_slot,15:00,BOS,7,0,20258877,180151418,none,12:54:00.000000,Yes,ONT,-126
2025-03-06 00:00:00,Open_slot,15:00,KTR,0,103,20251129,CSS260489WZMC – 180158102,none,12:36:00.000000,Yes,ONT,-144
2025-03-06 00:00:00,Fixed,09:00,MDF,5,32,20252737,180151061 & 180154584,none,09:05:00.000000,Yes,ONT,5
2025-03-06 00:00:00,Open_slot,15:00,RFT,23,0,20256844,No_IDN_provided,No IDN provided,08:20:00.000000,Yes,ONT,-400
2025-03-06 00:00:00,Fixed,14:00,LUM,1,31,20252286,CSS260306WZMC 180154971,none,14:30:00.000000,Yes,ONT,30
2025-03-07 00:00:00,Open_slot,15:00,JHT,2,0,20255122,CSS260400WZMC - 180159583 / CSS260055WZMC 180155417 / 180156664,Carton qty short vs IDN,08:42:00.000000,Yes,ONT,-378
2025-03-07 00:00:00,Open_slot,15:00,KMB,11,26,20257635,n/a - not req,none,12:25:00.000000,Yes,ONT,-155
2025-03-07 00:00:00,Open_slot,15:00,SBK,15,0,20254092,No_IDN_provided,No IDN provided,09:58:00.000000,Yes,ONT,-302
2025-03-07 00:00:00,Fixed,11:30,ZAK,1,95,20254207,180154350,Over-delivered vs IDN,12:07:00.000000,No,LATE_01,37
2025-03-07 00:00:00,Fixed,07:30,TAV,8,0,20256581,CSS260668WZMC - 180154963  CSS260419WZMC 180153104  180153459,none,07:38:00.000000,Yes,ONT,8
2025-03-07 00:00:00,Fixed,12:30,GWL,23,0,20255059,CSS260700WZMC-180159432,none,12:09:00.000000,Yes,ONT,-21
2025-03-07 00:00:00,Open_slot,15:00,VRT,9,0,20259983,"180154808
180158274",none,14:37:00.000000,Yes,ONT,-23
2025-03-10 00:00:00,Open_slot,15:00,SBK,25,0,20255004,180159228,none,13:08:00.000000,Yes,ONT,-112
2025-03-10 00:00:00,Fixed,08:30,XPR,9,0,20254899,IDN NOT REQUIRED,none,08:36:00.000000,Yes,ONT,6
2025-03-10 00:00:00,Fixed,07:00,TAV,9,0,20258504,"180153737
180159852
180158612
180150850",none,06:47:00.000000,Yes,ONT,-13
2025-03-10 00:00:00,Fixed,10:30,QMS,1,118,20257806,CSS260144WZMC - 180156252,none,10:29:00.000000,Yes,ONT,-1
2025-03-10 00:00:00,Fixed,06:30,NRL,12,0,20256352,not required,none,07:45:00.000000,No,LATE_02,75
2025-03-10 00:00:00,Open_slot,15:00,LUM,2,31,20254506,180154890,Damaged pallet - noted on IDN,14:27:00.000000,Yes,ONT,-33
2025-03-10 00:00:00,Fixed,14:00,ZAK,8,3,20257039,No_IDN_provided,none,14:49:00.000000,No,LATE_01,49
2025-03-10 00:00:00,Open_slot,15:00,BOS,9,0,20258996,"180153925, 180157245, 180157045, 180153072",IDN qty wrong,11:10:00.000000,Yes,ONT,-230
2025-03-11 00:00:00,Open_slot,15:00,SBK,20,0,20257234,No_IDN_provided,none,06:13:00.000000,Yes,EARL,-527
2025-03-11 00:00:00,Fixed,08:30,TAV,15,0,20251967,180155349,Wrong IDN attached,08:28:00.000000,Yes,ONT,-2
2025-03-11 00:00:00,Open_slot,15:00,KMB,4,20,20255216,CSS260980WZMC 180153972,none,11:33:00.000000,Yes,ONT,-207
2025-03-11 00:00:00,Open_slot,15:00,EJN,12,0,20253188,No_IDN_provided,IDN missing on arrival,08:11:00.000000,Yes,ONT,-409
2025-03-11 00:00:00,Fixed,12:00,NRL,9,0,20250542,180159605 & 180155199,none,12:20:00.000000,Yes,ONT,20
2025-03-11 00:00:00,Open_slot,15:00,KTR,0,96,20253019,180158185,none,11:19:00.000000,Yes,ONT,-221
2025-03-12 00:00:00,Fixed,06:30,ADL,19,0,20251250,not required,No paperwork with driver,07:24:00.000000,No,LATE_01,54
2025-03-12 00:00:00,Fixed,13:30,HCN,3,0,20255087,No_IDN_provided,none,Not_arrived,No,LATE_03,
2025-03-12 00:00:00,Open_slot,15:00,JHT,2,0,20255703,CSS260836WZMC - 180150595,"pallet overhang, restacked",14:07:00.000000,Yes,ONT,-53
2025-03-12 00:00:00,Open_slot,15:00,BOS,8,0,20254464,No_IDN_provided,no idn with driver,09:16:00.000000,Yes,ONT,-344
2025-03-12 00:00:00,Fixed,08:30,XPR,9,0,20252193,No_IDN_provided,none,08:07:00.000000,Yes,ONT,-23
2025-03-12 00:00:00,Open_slot,15:00,RFT,18,0,20255183,CSS260210WZMC – 180154253,none,13:51:00.000000,Yes,ONT,-69
2025-03-13 00:00:00,Fixed,10:30,TGE,19,0,20258468,"180156988, 180150608, 180150433, 180156413",IDN qty wrong,10:37:00.000000,Yes,ONT,7
2025-03-13 00:00:00,Fixed,06:00,BOS,10,0,20257621,CSS260295WZMC – 180157533,none,05:51:00.000000,Yes,ONT,-9
2025-03-13 00:00:00,Fixed,10:30,MDF,2,0,20250916,180155561,"pallet overhang, restacked",10:40:00.000000,Yes,ONT,10
2025-03-13 00:00:00,Fixed,10:30,LUM,1,0,20252266,180155335,none,10:55:00.000000,Yes,ONT,25
2025-03-13 00:00:00,Fixed,13:30,PLZ,2,5,20259932,180154474,Carton qty short vs IDN,13:31:00.000000,Yes,ONT,1
2025-03-13 00:00:00,Fixed,11:30,ZAK,2,0,20256622,CSS260314WZMC – 180156740,none,11:32:00.000000,Yes,ONT,2
2025-03-13 00:00:00,Open_slot,15:00,ORK,15,0,20251859,No_IDN_provided,No IDN provided,09:45:00.000000,Yes,ONT,-315
2025-03-13 00:00:00,Fixed,12:30,GWL,14,0,20256226,180153900,none,10:47:00.000000,Yes,EARL,-103
2025-03-14 00:00:00,Fixed,12:30,GWL,24,0,20259930,180153632,none,12:30:00.000000,Yes,ONT,0
2025-03-14 00:00:00,Open_slot,15:00,JHT,2,0,20258108,IDN not required,none,09:07:00.000000,Yes,ONT,-353
2025-03-14 00:00:00,Fixed,07:30,NRL,8,37,20259151,No_IDN_provided,none,08:23:00.000000,No,LATE_01,53
2025-03-14 00:00:00,Open_slot,15:00,TAV,6,0,20250453,180158215,IDN qty wrong,15:44:00.000000,No,LATE_01,44
2025-03-14 00:00:00,Open_slot,15:00,XPR,10,0,20251562,CSS260951WZMC - 180150135,Carton qty short vs IDN,14:10:00.000000,Yes,ONT,-50
2025-03-14 00:00:00,Open_slot,15:00,KMB,7,0,20256395,180156217,none,11:03:00.000000,Yes,ONT,-237
2025-03-14 00:00:00,Open_slot,15:00,SBK,17,0,20259026,No_IDN_provided,No IDN provided,14:04:00.000000,Yes,ONT,-56
2025-03-17 00:00:00,Open_slot,15:00,SBK,20,0,20250603,CSS260357WZMC-180155206,none,13:54:00.000000,Yes,ONT,-66
2025-03-17 00:00:00,Fixed,10:00,ZAK,0,110,20251591,No_IDN_provided,IDN missing on arrival,09:54:00.000000,Yes,ONT,-6
2025-03-17 00:00:00,Fixed,08:30,XPR,9,2,20259499,180156477,Carton qty short vs IDN,09:18:00.000000,No,LATE_01,48
2025-03-17 00:00:00,Open_slot,15:00,LUM,1,0,20253464,CSS260446WZMC 180156160,IDN sent late by vendor,08:17:00.000000,Yes,ONT,-403
2025-03-17 00:00:00,Fixed,06:30,ADL,11,0,20257022,CSS260652WZMC 180158443,none,07:03:00.000000,No,LATE_01,33
2025-03-17 00:00:00,Open_slot,15:00,WDH,22,0,20251076,CSS260484WZMC 180151859  CSS260472WZMC-180152871  180153649,wrong SKU delivered,13:56:00.000000,Yes,ONT,-64
2025-03-17 00:00:00,Open_slot,15:00,ORK,20,0,20255370,CSS260248WZMC 180159465,No paperwork with driver,14:54:00.000000,Yes,ONT,-6
2025-03-17 00:00:00,Open_slot,15:00,TAV,9,0,20257634,CSS260015WZMC - 180152416,"pallet overhang, restacked",13:41:00.000000,Yes,ONT,-79
2025-03-18 00:00:00,Fixed,13:30,HCN,8,0,20254244,CSS260488WZMC-180150654,2 IDNs for 1 delivery,13:32:00.000000,Yes,ONT,2
2025-03-18 00:00:00,Fixed,09:00,MDF,8,0,20250656,No_IDN_provided,none,09:18:00.000000,Yes,ONT,18
2025-03-18 00:00:00,Fixed,11:30,FNB,1,0,20251399,"CSS260163WZMC-180156875, CSS260444WZMC 180154946, CSS260505WZMC-180154684",none,11:19:00.000000,Yes,ONT,-11
2025-03-18 00:00:00,Open_slot,15:00,DLX,0,109,20257177,CSS260339WZMC - 180152039,none,15:34:00.000000,No,LATE_01,34
2025-03-18 00:00:00,Fixed,10:30,EJN,6,0,20256740,180150222,IDN qty wrong,10:12:00.000000,Yes,ONT,-18
2025-03-18 00:00:00,Fixed,06:30,ADL,16,0,20251180,180151895  180156751  180158799  180156391,Over-delivered vs IDN,06:17:00.000000,Yes,ONT,-13
2025-03-18 00:00:00,Open_slot,15:00,KMB,7,0,20255336,CSS260083WZMC-180153171,none,12:10:00.000000,Yes,ONT,-170
2025-03-18 00:00:00,Fixed,13:00,BRV,6,0,20254334,180153149,missing labels,13:10:00.000000,Yes,ONT,10
2025-03-19 00:00:00,Fixed,09:00,MDF,8,0,20254008,CSS260762WZMC 180153637,Wrong IDN attached,07:34:00.000000,Yes,EARL,-86
2025-03-19 00:00:00,Fixed,09:30,TAV,9,0,20255118,CSS260395WZMC-180152607,Wrong IDN attached,09:18:00.000000,Yes,ONT,-12
2025-03-19 00:00:00,Fixed,13:30,HCN,7,24,20259818,CSS260367WZMC – 180154383,short 1 pallet,17:08:00.000000,No,LATE_02,218
2025-03-19 00:00:00,Fixed,13:30,ZAK,6,0,20250165,CSS260065WZMC - 180150549,none,13:20:00.000000,Yes,ONT,-10
2025-03-19 00:00:00,Fixed,13:00,NRL,7,0,20254025,180156916,Damaged pallet - noted on IDN,13:13:00.000000,Yes,ONT,13
2025-03-19 00:00:00,Fixed,07:00,RFT,19,0,20259178,180152748,none,06:45:00.000000,Yes,ONT,-15
2025-03-19 00:00:00,Open_slot,15:00,JHT,2,24,20252234,180159662,idn doesnt match,08:27:00.000000,Yes,ONT,-393
2025-03-19 00:00:00,Fixed,13:00,PVC,26,25,20251303,CSS260263WZMC - 180156947,Over-delivered vs IDN,13:01:00.000000,Yes,ONT,1
2025-03-20 00:00:00,Fixed,09:00,MDF,6,38,20255552,180154503,none,08:45:00.000000,Yes,ONT,-15
2025-03-20 00:00:00,Fixed,12:30,GWL,21,33,20262550,No_IDN_provided,none,12:36:00.000000,Yes,ONT,6
2025-03-20 00:00:00,Fixed,11:30,FNB,1,8,20253516,No_IDN_provided,no idn with driver,11:31:00.000000,Yes,ONT,1
2025-03-20 00:00:00,Open_slot,15:00,WDH,14,0,20251041,CSS260448WZMC - 180152549,none,11:36:00.000000,Yes,ONT,-204
2025-03-20 00:00:00,Fixed,10:00,SGM,14,0,20256120,180157954,Damaged pallet - noted on IDN,10:03:00.000000,Yes,ONT,3
2025-03-20 00:00:00,Fixed,13:30,TAV,9,0,20250964,180154261,none,13:46:00.000000,Yes,ONT,16
2025-03-20 00:00:00,Fixed,10:30,TGE,14,0,20256429,180158735 & 180158687 & 180152538 & 180155584,IDN not matching PO,10:48:00.000000,Yes,ONT,18
2025-03-20 00:00:00,Fixed,06:30,ADL,15,0,20251667,CSS260295WZMC - 180156389  CSS260357WZMC - 180151209  CSS260897WZMC 180159463,Pallet count differs from IDN,06:24:00.000000,Yes,ONT,-6
2025-03-21 00:00:00,Fixed,12:30,GWL,17,0,20253146,180151950 / 180158099,none,12:47:00.000000,Yes,ONT,17
2025-03-21 00:00:00,Fixed,13:30,HCN,5,32,20258774,CSS260033WZMC - 180157521,"pallet overhang, restacked",13:36:00.000000,Yes,ONT,6
2025-03-21 00:00:00,Fixed,07:30,PLZ,3,35,20242539,CSS260738WZMC - 180153161,idn doesnt match,07:41:00.000000,Yes,ONT,11
2025-03-21 00:00:00,Open_slot,15:00,NHP,0,101,20266646,CSS260255WZMC – 180156619,Duplicate IDN,06:31:00.000000,Yes,EARL,-509
2025-03-21 00:00:00,Fixed,10:30,EJN,11,9,20259471,"CSS260337WZMC – 180155362
CSS260310WZMC - 180152602
CSS260173WZMC - 180155001",Over-delivered vs IDN,10:33:00.000000,Yes,ONT,3
2025-03-21 00:00:00,Fixed,11:30,TAV,7,0,20254453,180157409,IDN - PO no. missing,12:39:00.000000,No,LATE_02,69
2025-03-21 00:00:00,Open_slot,15:00,ADL,23,0,20259105,180157812  180152978  180151493,SKU on IDN not on PO,08:35:00.000000,Yes,ONT,-385
2025-03-24 00:00:00,Fixed,06:30,ADL,13,0,20253967,CSS260121WZMC - 180151395,IDN illegible,06:38:00.000000,Yes,ONT,8
2025-03-24 00:00:00,Fixed,08:30,XPR,7,0,20257284,CSS260394WZMC-180158774,none,09:02:00.000000,No,LATE_01,32
2025-03-24 00:00:00,Open_slot,15:00,LUM,0,61,20251722,No_IDN_provided,No IDN provided,08:59:00.000000,Yes,ONT,-361
2025-03-24 00:00:00,Fixed,10:30,QMS,8,0,20250711,IDN not required,none,10:37:00.000000,Yes,ONT,7
2025-03-24 00:00:00,Fixed,06:30,TAV,9,22,20250923,180151975,none,06:41:00.000000,Yes,ONT,11
2025-03-24 00:00:00,Fixed,13:30,BRV,2,0,20251795,180158320 / 180152531 / 180156950 / 180150106,none,12:12:00.000000,Yes,EARL,-78
2025-03-24 00:00:00,Fixed,10:00,CWX,10,0,20259926,"180154068
180159125
180152403",none,09:50:00.000000,Yes,ONT,-10
2025-03-24 00:00:00,Fixed,07:00,KMB,6,0,20255414,180154843,none,06:46:00.000000,Yes,ONT,-14
2025-03-25 00:00:00,Fixed,07:30,MDF,8,0,20253526,CSS260950WZMC - 180156209,SKU on IDN not on PO,07:08:00.000000,Yes,ONT,-22
2025-03-25 00:00:00,Open_slot,15:00,DLX,1,10,20255089,180152479,none,11:59:00.000000,Yes,ONT,-181
2025-03-25 00:00:00,Open_slot,15:00,KMB,4,0,20269025,180151346,none,11:01:00.000000,Yes,ONT,-239
2025-03-25 00:00:00,Open_slot,15:00,VRT,7,0,20256122,180151444,missing labels,09:26:00.000000,Yes,ONT,-334
2025-03-25 00:00:00,Fixed,13:30,HCN,2,0,20252202,180152295,none,13:27:00.000000,Yes,ONT,-3
2025-03-25 00:00:00,Fixed,08:30,BRV,7,34,20259616,180157406 & 180153931 & 180152420,none,08:22:00.000000,Yes,ONT,-8
2025-03-25 00:00:00,Fixed,08:30,XPR,7,0,20257596,No_IDN_provided,none,Not_arrived,No,LATE_03,
2025-03-26 00:00:00,Open_slot,15:00,BOS,2,14,20250121,CSS260620WZMC-180159191,IDN not matching PO,12:26:00.000000,Yes,ONT,-154
2025-03-26 00:00:00,Open_slot,15:00,EJN,7,23,20258729,180156120,none,12:31:00.000000,Yes,ONT,-149
2025-03-26 00:00:00,Fixed,07:00,TAV,10,0,20251601,180151132,none,05:54:00.000000,Yes,EARL,-66
2025-03-26 00:00:00,Open_slot,15:00,ZAK,2,94,20251346,180157477,none,15:49:00.000000,No,LATE_01,49
2025-03-26 00:00:00,Open_slot,15:00,XPR,14,0,20255337,180159906,No paperwork with driver,14:38:00.000000,Yes,ONT,-22
2025-03-26 00:00:00,Open_slot,15:00,RFT,0,38,20251425,CSS260738WZMC - 180159616,none,08:47:00.000000,Yes,ONT,-373
2025-03-26 00:00:00,Fixed,13:00,PVC,21,0,20251942,180151364,IDN - PO no. missing,13:07:00.000000,Yes,ONT,7
2025-03-26 00:00:00,Fixed,08:30,NRL,8,0,20255609,IDN not required,none,10:53:00.000000,No,LATE_02,143
2025-03-27 00:00:00,Fixed,11:30,FNB,2,0,20250849,No_IDN_provided,No IDN provided,11:47:00.000000,Yes,ONT,17
2025-03-27 00:00:00,Open_slot,15:00,LUM,1,7,20259881,CSS260738WZMC 180153204,none,14:14:00.000000,Yes,ONT,-46
2025-03-27 00:00:00,Fixed,06:30,ADL,10,0,20263151,No_IDN_provided,none,06:30:00.000000,Yes,ONT,0
2025-03-27 00:00:00,Fixed,13:00,KMB,6,35,20251028,180156274,none,13:15:00.000000,Yes,ONT,15
2025-03-27 00:00:00,Fixed,06:30,ZAK,0,6,20253546,180159426,SKU on IDN not on PO,06:39:00.000000,Yes,ONT,9
2025-03-27 00:00:00,Fixed,10:00,DLX,21,0,20252482,"180153939, 180155949, 180155139, 180150092",none,10:03:00.000000,Yes,ONT,3
2025-03-27 00:00:00,Fixed,12:30,GWL,19,0,20252001,180156951,Chased vendor for IDN,12:31:00.000000,Yes,ONT,1
2025-03-28 00:00:00,Fixed,09:00,NRL,6,0,20253653,180153073 & 180151885 & 180158443,IDN qty wrong,08:59:00.000000,Yes,ONT,-1
2025-03-28 00:00:00,Fixed,14:00,SGM,0,35,20246081,"CSS260208WZMC 180153209
CSS260225WZMC – 180159773
CSS260931WZMC - 180151086
180158874",none,12:22:00.000000,Yes,EARL,-98
2025-03-28 00:00:00,Fixed,07:00,CWX,2,0,20253002,CSS260616WZMC 180153240,none,07:16:00.000000,Yes,ONT,16
2025-03-28 00:00:00,Fixed,08:00,ORK,20,0,20250528,180157992,none,08:08:00.000000,Yes,ONT,8
2025-03-28 00:00:00,Open_slot,15:00,WDH,16,14,20257378,180153606,wrong SKU delivered,11:10:00.000000,Yes,ONT,-230
2025-03-28 00:00:00,Fixed,12:30,GWL,11,27,20246508,CSS260877WZMC - 180154456,none,12:10:00.000000,Yes,ONT,-20
2025-03-28 00:00:00,Open_slot,15:00,VRT,6,0,20255327,CSS260832WZMC-180158430,none,11:46:00.000000,Yes,ONT,-194
2025-03-31 00:00:00,Open_slot,15:00,ZAK,2,79,20258857,180153114,IDN sent late by vendor,10:41:00.000000,Yes,ONT,-259
2025-03-31 00:00:00,Fixed,11:30,PLZ,4,29,20250794,180157158  180154615  180153780  180155074,none,11:20:00.000000,Yes,ONT,-10
2025-03-31 00:00:00,Fixed,08:00,ORK,25,27,20251455,180155534,2 IDNs for 1 delivery,07:50:00.000000,Yes,ONT,-10
2025-03-31 00:00:00,Fixed,08:30,XPR,9,0,20251357,IDN NOT REQUIRED,none,09:18:00.000000,No,LATE_01,48
2025-03-31 00:00:00,Open_slot,15:00,SBK,19,14,20257326,180155266,Damaged pallet - noted on IDN,09:24:00.000000,Yes,ONT,-336
2025-03-31 00:00:00,Open_slot,15:00,LUM,5,0,20257330,CSS260460WZMC - 180155763,none,11:47:00.000000,Yes,ONT,-193
2025-03-31 00:00:00,Open_slot,15:00,VRT,3,0,20268513,"CSS260060WZMC – 180157310
CSS260591WZMC - 180159529
CSS260462WZMC – 180155609",wrong SKU delivered,10:19:00.000000,Yes,ONT,-281
2025-04-01 00:00:00,Fixed,13:30,YTS,0,22,20257614,180154245 / 180156422,Pallet count differs from IDN,13:40:00.000000,Yes,ONT,10
2025-04-01 00:00:00,unscheduled,,MDF,4,0,20257785,CSS260911WZMC - 180157755,none,07:57:00.000000,No,NSCH,
2025-04-01 00:00:00,Open_slot,15:00,DLX,13,0,20257259,CSS260693WZMC – 180155511,none,13:06:00.000000,Yes,ONT,-114
2025-04-01 00:00:00,Open_slot,15:00,KTR,11,0,20257395,180158111,none,08:08:00.000000,Yes,ONT,-412
2025-04-01 00:00:00,Open_slot,15:00,VRT,3,0,20251883,180152120,Carton qty short vs IDN,13:53:00.000000,Yes,ONT,-67
2025-04-01 00:00:00,Fixed,13:30,NRL,10,0,20251011,180150783  180153901  180154201  180159045,IDN qty wrong,13:09:00.000000,Yes,ONT,-21
2025-04-01 00:00:00,Fixed,12:30,WDH,21,0,20252043,CSS260042WZMC-180159738,Pallet count differs from IDN,12:56:00.000000,Yes,ONT,26
2025-04-01 00:00:00,Fixed,11:30,TAV,5,0,20253631,180154952,Carton qty short vs IDN,11:33:00.000000,Yes,ONT,3
2025-04-02 00:00:00,Fixed,07:30,BRV,6,0,20252485,180158247,none,07:35:00.000000,Yes,ONT,5
2025-04-02 00:00:00,Open_slot,15:00,XPR,11,0,20251393,180158876,"pallet overhang, restacked",08:44:00.000000,Yes,ONT,-376
2025-04-02 00:00:00,Open_slot,15:00,PVC,18,0,20258566,180157128,wrong SKU delivered,14:34:00.000000,Yes,ONT,-26
2025-04-02 00:00:00,Fixed,14:00,NRL,2,23,20244124,180151980,missing labels,14:15:00.000000,Yes,ONT,15
2025-04-02 00:00:00,Fixed,10:30,EJN,5,20,20258260,180158452,none,10:42:00.000000,Yes,ONT,12
2025-04-02 00:00:00,Fixed,13:30,HCN,4,0,20254034,CSS260987WZMC - 180152005,none,13:22:00.000000,Yes,ONT,-8
2025-04-02 00:00:00,Fixed,10:00,CWX,6,0,20259237,CSS260835WZMC 180156819,Damaged pallet - noted on IDN,09:54:00.000000,Yes,ONT,-6
2025-04-03 00:00:00,Fixed,06:30,MDF,4,0,20252550,180159082,Pallet count differs from IDN,06:26:00.000000,Yes,ONT,-4
2025-04-03 00:00:00,Open_slot,15:00,ORK,18,0,20254048,"180151527
180157321
180158617",none,11:40:00.000000,Yes,ONT,-200
2025-04-03 00:00:00,Fixed,12:30,GWL,26,0,20259305,"180150679
180150211",wrong SKU delivered,12:26:00.000000,Yes,ONT,-4
2025-04-03 00:00:00,Open_slot,15:00,DLX,0,81,20252396,180159519,Chased vendor for IDN,11:16:00.000000,Yes,ONT,-224
2025-04-03 00:00:00,Open_slot,15:00,LUM,1,0,20265643,IDN not required,none,10:48:00.000000,Yes,ONT,-252
2025-04-03 00:00:00,Fixed,11:30,FNB,1,0,20252371,180152319,none,11:26:00.000000,Yes,ONT,-4
2025-04-04 00:00:00,Fixed,09:00,CWX,4,33,20255050,180152425,Wrong IDN attached,07:16:00.000000,Yes,EARL,-104
2025-04-04 00:00:00,Fixed,12:30,GWL,28,13,20256470,IDN not required,none,12:47:00.000000,Yes,ONT,17
2025-04-04 00:00:00,Fixed,12:00,RFT,21,0,20257712,No_IDN_provided,No IDN provided,12:22:00.000000,Yes,ONT,22
2025-04-04 00:00:00,Open_slot,15:00,DLX,2,41,20256767,CSS260978WZMC - 180157914,none,13:47:00.000000,Yes,ONT,-73
2025-04-04 00:00:00,Open_slot,15:00,BOS,10,0,20254296,180152883,none,08:35:00.000000,Yes,ONT,-385
2025-04-04 00:00:00,Fixed,12:00,NRL,5,0,20257788,180157782,none,11:51:00.000000,Yes,ONT,-9
2025-04-04 00:00:00,Open_slot,15:00,TAV,8,35,20256271,No_IDN_provided,none,07:06:00.000000,Yes,EARL,-474
2025-04-04 00:00:00,Open_slot,15:00,NHP,6,29,20257719,"CSS260206WZMC – 180151793
CSS260101WZMC - 180156838",none,19:00:00.000000,No,LATE_02,240
2025-04-07 00:00:00,Fixed,13:30,HCN,2,28,20259862,180150355,Carton qty short vs IDN,13:27:00.000000,Yes,ONT,-3
2025-04-07 00:00:00,Open_slot,15:00,XPR,9,0,20255125,n/a - not req,none,08:14:00.000000,Yes,ONT,-406
2025-04-07 00:00:00,Open_slot,15:00,LUM,0,59,20251847,No_IDN_provided,none,10:53:00.000000,Yes,ONT,-247
2025-04-07 00:00:00,Fixed,10:30,QMS,0,87,20256234,180159272 & 180154592 & 180155893,Duplicate IDN,10:49:00.000000,Yes,ONT,19
2025-04-07 00:00:00,Fixed,11:30,ZAK,4,16,20257709,"180156251, 180159953, 180159124",Wrong IDN attached,11:21:00.000000,Yes,ONT,-9
2025-04-07 00:00:00,Fixed,06:00,CWX,6,33,20252403,180151323,2 IDNs for 1 delivery,06:16:00.000000,Yes,ONT,16
2025-04-07 00:00:00,Fixed,06:30,ADL,17,0,20256159,180151196 / 180152386 / 180157213 / 180156024,No paperwork with driver,06:45:00.000000,Yes,ONT,15
2025-04-07 00:00:00,Fixed,07:30,TAV,7,20,20254422,180157813,none,06:08:00.000000,Yes,EARL,-82
2025-04-08 00:00:00,Fixed,12:00,ZAK,2,77,20255225,CSS260599WZMC 180151132 / CSS260844WZMC 180151115,none,12:57:00.000000,No,LATE_01,57
2025-04-08 00:00:00,Open_slot,15:00,DLX,0,57,20253186,CSS260511WZMC - 180158720,Chased vendor for IDN,12:31:00.000000,Yes,ONT,-149
2025-04-08 00:00:00,Fixed,13:30,YTS,1,5,20254696,180158221,none,13:49:00.000000,Yes,ONT,19
2025-04-08 00:00:00,Fixed,10:30,EJN,7,0,20252622,CSS260110WZMC – 180156856 & CSS260811WZMC - 180157092 & CSS260068WZMC – 180158782 & 180150836,none,09:28:00.000000,Yes,EARL,-62
2025-04-08 00:00:00,Fixed,13:30,SGM,0,38,20250103,CSS260037WZMC-180155418,none,13:36:00.000000,Yes,ONT,6
2025-04-08 00:00:00,Fixed,13:00,NRL,11,0,20242362,180158848,none,13:05:00.000000,Yes,ONT,5
2025-04-09 00:00:00,Open_slot,15:00,ADL,9,0,20254685,No_IDN_provided,IDN missing on arrival,11:22:00.000000,Yes,ONT,-218
2025-04-09 00:00:00,Open_slot,15:00,JHT,1,18,20258020,No_IDN_provided,No IDN provided,09:22:00.000000,Yes,ONT,-338
2025-04-09 00:00:00,Open_slot,15:00,DLX,12,0,20250329,"180155729, 180158107, 180152034, 180154315",none,13:48:00.000000,Yes,ONT,-72
2025-04-09 00:00:00,Fixed,06:00,BOS,9,0,20250275,IDN NOT REQUIRED,Damaged pallet - noted on IDN,06:03:00.000000,Yes,ONT,3
2025-04-09 00:00:00,Fixed,09:30,ZAK,1,95,20244252,"CSS260293WZMC – 180153512
CSS260481WZMC – 180158693
180156345",SKU on IDN not on PO,09:52:00.000000,Yes,ONT,22
2025-04-09 00:00:00,Fixed,11:00,RFT,0,38,20258549,180156450,Damaged pallet - noted on IDN,10:46:00.000000,Yes,ONT,-14
2025-04-10 00:00:00,Fixed,12:30,GWL,32,5,20256914,No_IDN_provided,IDN missing on arrival,12:43:00.000000,Yes,ONT,13
2025-04-10 00:00:00,Open_slot,15:00,SBK,25,27,20257531,180152583,none,13:51:00.000000,Yes,ONT,-69
2025-04-10 00:00:00,Fixed,07:00,KMB,12,0,20253499,"180152263
180152314",Mixed SKUs on pallet,06:44:00.000000,Yes,ONT,-16
2025-04-10 00:00:00,Fixed,10:30,LUM,1,6,20252704,180151111,Mixed SKUs on pallet,10:00:00.000000,Yes,ONT,-30
2025-04-10 00:00:00,Fixed,06:30,ADL,18,0,20257941,180159820,none,06:21:00.000000,Yes,ONT,-9
2025-04-10 00:00:00,Fixed,08:00,ZAK,5,0,20255000,180153658,none,07:40:00.000000,Yes,ONT,-20
2025-04-10 00:00:00,Fixed,08:00,ORK,18,0,20259134,180157152,none,07:34:00.000000,Yes,ONT,-26
2025-04-11 00:00:00,Fixed,12:30,GWL,21,18,20255868,180152412  180153268  180154337  180159262,missing labels,12:25:00.000000,Yes,ONT,-5
2025-04-11 00:00:00,Fixed,08:30,SGM,1,68,20254982,180154846,none,09:27:00.000000,No,LATE_01,57
2025-04-11 00:00:00,Open_slot,15:00,VRT,5,0,20254919,180153295  180153924,Wrong IDN attached,11:34:00.000000,Yes,ONT,-206
2025-04-11 00:00:00,Fixed,13:00,PVC,14,0,20252678,180158000,none,13:06:00.000000,Yes,ONT,6
2025-04-11 00:00:00,Open_slot,15:00,ORK,21,29,20257300,180155180 / 180152542,none,13:57:00.000000,Yes,ONT,-63
2025-04-11 00:00:00,unscheduled,,WDH,22,0,20252317,CSS260578WZMC - 180155403 / CSS260308WZMC 180154921 / CSS260861WZMC - 180159593,Over-delivered vs IDN,06:41:00.000000,No,NSCH,
2025-04-11 00:00:00,Open_slot,15:00,JHT,3,0,20256823,180158267,none,12:10:00.000000,Yes,ONT,-170
2025-04-14 00:00:00,Open_slot,15:00,XPR,8,0,20259736,180154628,none,14:18:00.000000,Yes,ONT,-42
2025-04-14 00:00:00,Fixed,10:30,QMS,0,14,20259269,IDN not required,none,10:17:00.000000,Yes,ONT,-13
2025-04-14 00:00:00,Open_slot,15:00,LUM,2,109,20252505,"CSS260610WZMC 180156225, CSS260148WZMC – 180152799, CSS260798WZMC – 180155386",wrong SKU delivered,09:54:00.000000,Yes,ONT,-306
2025-04-14 00:00:00,Fixed,10:30,TGE,16,0,20250725,CSS260423WZMC-180158988,none,10:33:00.000000,Yes,ONT,3
2025-04-14 00:00:00,Open_slot,15:00,MDF,8,0,20250756,CSS260445WZMC 180159291,IDN illegible,09:39:00.000000,Yes,ONT,-321
2025-04-14 00:00:00,Fixed,12:00,SGM,2,52,20259406,No_IDN_provided,none,12:13:00.000000,Yes,ONT,13
2025-04-14 00:00:00,Fixed,12:30,GWL,26,0,20257496,180157448  180151935,none,12:17:00.000000,Yes,ONT,-13
2025-04-14 00:00:00,Fixed,07:00,NRL,9,0,20257840,No_IDN_provided,no idn with driver,06:55:00.000000,Yes,ONT,-5
2025-04-15 00:00:00,Fixed,09:00,MDF,3,25,20252896,No_IDN_provided,No IDN provided,11:53:00.000000,No,LATE_02,173
2025-04-15 00:00:00,Open_slot,15:00,DLX,9,0,20255208,180150501,Pallet count differs from IDN,14:53:00.000000,Yes,ONT,-7
2025-04-15 00:00:00,Fixed,10:30,EJN,11,38,20258698,180156648,none,10:12:00.000000,Yes,ONT,-18
2025-04-15 00:00:00,Fixed,06:30,TAV,7,0,20254039,180159617 / 180159593,none,06:13:00.000000,Yes,ONT,-17
2025-04-15 00:00:00,Fixed,13:00,NHP,4,0,20258261,CSS260403WZMC - 180156758,none,13:18:00.000000,Yes,ONT,18
2025-04-15 00:00:00,Fixed,13:30,YTS,2,76,20258410,180158699 & 180152976 & 180153191,SKU on IDN not on PO,13:42:00.000000,Yes,ONT,12
2025-04-16 00:00:00,Open_slot,15:00,XPR,10,0,20254011,CSS260409WZMC – 180154663 / CSS260272WZMC - 180153510,none,10:58:00.000000,Yes,ONT,-242
2025-04-16 00:00:00,Fixed,07:30,TAV,4,0,20256247,CSS260844WZMC - 180159463,none,07:24:00.000000,Yes,ONT,-6
2025-04-16 00:00:00,Open_slot,15:00,WDH,16,0,20258805,180152336,idn doesnt match,16:12:00.000000,No,LATE_02,72
2025-04-16 00:00:00,Fixed,13:30,HCN,7,0,20254484,180152460,missing labels,13:29:00.000000,Yes,ONT,-1
2025-04-16 00:00:00,Fixed,12:30,GWL,19,0,20254235,CSS260283WZMC - 180153825 & CSS260144WZMC - 180151070 & CSS260780WZMC-180152436,IDN not matching PO,12:21:00.000000,Yes,ONT,-9
2025-04-16 00:00:00,Fixed,13:00,KTR,17,0,20254647,CSS260038WZMC - 180156915,Pallet count differs from IDN,12:56:00.000000,Yes,ONT,-4
2025-04-16 00:00:00,Open_slot,15:00,JHT,2,13,20250141,CSS260486WZMC - 180151685,none,11:55:00.000000,Yes,ONT,-185
2025-04-16 00:00:00,Fixed,10:30,EJN,2,0,20253849,CSS260546WZMC – 180153147 & CSS260133WZMC – 180155087 & CSS260430WZMC - 180155294 & 180159084,Damaged pallet - noted on IDN,10:35:00.000000,Yes,ONT,5
2025-04-17 00:00:00,Fixed,09:00,MDF,3,0,20256798,180150851,none,08:55:00.000000,Yes,ONT,-5
2025-04-17 00:00:00,Fixed,06:30,ADL,19,2,20255711,CSS260969WZMC 180158162,none,06:36:00.000000,Yes,ONT,6
2025-04-17 00:00:00,Fixed,12:30,GWL,11,17,20252335,IDN not required,none,12:46:00.000000,Yes,ONT,16
2025-04-17 00:00:00,Open_slot,15:00,KTR,18,0,20254897,"180155343, 180157541",Over-delivered vs IDN,12:40:00.000000,Yes,ONT,-140
2025-04-17 00:00:00,Fixed,11:00,BRV,4,0,20256859,180150493,wrong SKU delivered,10:59:00.000000,Yes,ONT,-1
2025-04-17 00:00:00,Fixed,14:00,SGM,0,70,20258903,180155164,none,14:00:00.000000,Yes,ONT,0
2025-04-17 00:00:00,Fixed,06:30,LUM,2,104,20252792,IDN NOT REQUIRED,none,06:34:00.000000,Yes,ONT,4
2025-04-18 00:00:00,Fixed,12:30,ZAK,2,81,20258850,"180154088, 180152847, 180158593, 180159747",none,12:50:00.000000,Yes,ONT,20
2025-04-18 00:00:00,Open_slot,15:00,SBK,15,9,20253001,180159027 / 180152416 / 180152229,none,13:28:00.000000,Yes,ONT,-92
2025-04-18 00:00:00,Fixed,09:30,WDH,17,0,20253820,180151347,none,09:35:00.000000,Yes,ONT,5
2025-04-18 00:00:00,Fixed,06:30,ADL,11,0,20254617,CSS260247WZMC-180157994,none,06:05:00.000000,Yes,ONT,-25
2025-04-18 00:00:00,Fixed,12:30,GWL,18,0,20251816,CSS260620WZMC – 180150958,none,12:26:00.000000,Yes,ONT,-4
2025-04-18 00:00:00,Fixed,12:30,PLZ,4,0,20256670,180153296,IDN illegible,12:33:00.000000,Yes,ONT,3
2025-04-21 00:00:00,Fixed,10:30,TGE,17,0,20258332,180154664,none,10:09:00.000000,Yes,ONT,-21
2025-04-21 00:00:00,Fixed,08:30,XPR,11,4,20256489,CSS260167WZMC - 180157327 / CSS260790WZMC-180155128 / CSS260587WZMC-180159853,none,08:35:00.000000,Yes,ONT,5
2025-04-21 00:00:00,Open_slot,15:00,QMS,1,17,20253861,CSS260403WZMC 180155183,none,10:16:00.000000,Yes,ONT,-284
2025-04-21 00:00:00,Fixed,06:00,CWX,15,0,20255676,not required,none,06:17:00.000000,Yes,ONT,17
2025-04-21 00:00:00,Open_slot,15:00,ZAK,1,20,20256257,CSS260960WZMC-180154709,Chased vendor for IDN,06:15:00.000000,Yes,EARL,-525
2025-04-21 00:00:00,Open_slot,15:00,KTR,12,0,20249608,180151594,IDN illegible,15:35:00.000000,No,LATE_01,35
2025-04-21 00:00:00,Fixed,09:00,TAV,9,9,20253848,CSS260179WZMC – 180154887 & CSS260490WZMC 180153201,SKU on IDN not on PO,08:53:00.000000,Yes,ONT,-7
2025-04-21 00:00:00,Open_slot,15:00,KMB,7,0,20254548,No_IDN_provided,no idn with driver,10:37:00.000000,Yes,ONT,-263
2025-04-22 00:00:00,Open_slot,15:00,EJN,9,0,20257503,180158786,none,13:01:00.000000,Yes,ONT,-119
2025-04-22 00:00:00,Fixed,09:00,MDF,3,0,20254084,"CSS260358WZMC - 180156797
CSS260139WZMC-180151718
CSS260601WZMC - 180159017",Damaged pallet - noted on IDN,09:15:00.000000,Yes,ONT,15
2025-04-22 00:00:00,Open_slot,15:00,JHT,3,0,20251140,"CSS260022WZMC-180151596, CSS260494WZMC-180156037, CSS260347WZMC - 180154631",none,14:31:00.000000,Yes,ONT,-29
2025-04-22 00:00:00,Fixed,06:30,ADL,13,0,20257419,CSS260018WZMC-180150392,Duplicate IDN,07:08:00.000000,No,LATE_01,38
2025-04-22 00:00:00,Open_slot,15:00,XPR,7,0,20255237,No_IDN_provided,No IDN provided,14:10:00.000000,Yes,ONT,-50
2025-04-22 00:00:00,Open_slot,15:00,ORK,18,0,20257919,not required,none,13:50:00.000000,Yes,ONT,-70
2025-04-23 00:00:00,Fixed,13:30,HCN,5,0,20253500,180151249 & 180158909,No paperwork with driver,14:18:00.000000,No,LATE_01,48
2025-04-23 00:00:00,Open_slot,15:00,RFT,2,26,20256594,180151651,short 1 pallet,11:32:00.000000,Yes,ONT,-208
2025-04-23 00:00:00,Fixed,11:30,ZAK,5,0,20256111,180153037 / 180155833,none,13:45:00.000000,No,LATE_02,135
2025-04-23 00:00:00,Fixed,06:30,ADL,16,0,20251134,CSS260474WZMC – 180156723 & CSS260594WZMC - 180159283 & 180156643,none,06:24:00.000000,Yes,ONT,-6
2025-04-23 00:00:00,Fixed,13:00,PVC,27,0,20252386,CSS260046WZMC - 180154600 & CSS260839WZMC – 180153475 & 180151710,none,12:53:00.000000,Yes,ONT,-7
2025-04-23 00:00:00,Fixed,11:30,PLZ,4,14,20258033,CSS260722WZMC-180152054,none,11:24:00.000000,Yes,ONT,-6
2025-04-24 00:00:00,Open_slot,15:00,ORK,16,0,20252518,CSS260076WZMC-180155862 / CSS260045WZMC - 180155553 / 180152362,none,11:36:00.000000,Yes,ONT,-204
2025-04-24 00:00:00,Fixed,10:00,TAV,6,0,20251533,180151536  180154879  180155785  180159405,none,10:03:00.000000,Yes,ONT,3
2025-04-24 00:00:00,Fixed,12:30,GWL,22,0,20259199,IDN not required,Wrong IDN attached,12:32:00.000000,Yes,ONT,2
2025-04-24 00:00:00,Fixed,07:30,SGM,0,69,20252351,180155974 / 180157060 / 180155580,none,06:31:00.000000,Yes,EARL,-59
2025-04-24 00:00:00,Fixed,10:30,LUM,0,72,20253189,180151527,IDN illegible,10:19:00.000000,Yes,ONT,-11
2025-04-24 00:00:00,Open_slot,15:00,BOS,9,0,20254443,180153328,No paperwork with driver,13:36:00.000000,Yes,ONT,-84
2025-04-24 00:00:00,Fixed,10:30,TGE,10,0,20256105,180159718,none,10:44:00.000000,Yes,ONT,14
2025-04-24 00:00:00,Fixed,11:00,RFT,16,0,20258772,CSS260586WZMC - 180153442,2 IDNs for 1 delivery,11:04:00.000000,Yes,ONT,4
2025-04-25 00:00:00,Open_slot,15:00,KMB,10,0,20250026,CSS260924WZMC - 180157427,none,16:03:00.000000,No,LATE_02,63
2025-04-25 00:00:00,Fixed,11:00,CWX,6,0,20266057,No_IDN_provided,No IDN provided,09:25:00.000000,Yes,EARL,-95
2025-04-25 00:00:00,Fixed,12:30,GWL,15,32,20250481,180150244,none,12:25:00.000000,Yes,ONT,-5
2025-04-25 00:00:00,Open_slot,15:00,JHT,1,14,20259661,180159777,none,15:34:00.000000,No,LATE_01,34
2025-04-25 00:00:00,Open_slot,15:00,DLX,13,32,20259180,CSS260990WZMC-180155936,Chased vendor for IDN,08:18:00.000000,Yes,ONT,-402
2025-04-25 00:00:00,Open_slot,15:00,SBK,22,0,20250240,CSS260602WZMC 180154444,none,10:54:00.000000,Yes,ONT,-246
2025-04-25 00:00:00,Fixed,14:00,TAV,8,6,20256444,CSS260713WZMC-180159716,Mixed SKUs on pallet,12:17:00.000000,Yes,EARL,-103
2025-04-28 00:00:00,Open_slot,15:00,KMB,7,0,20254324,CSS260125WZMC - 180152605 & CSS260466WZMC-180152701,2 IDNs for 1 delivery,14:08:00.000000,Yes,ONT,-52
2025-04-28 00:00:00,Open_slot,15:00,XPR,7,0,20252790,180154597,none,12:12:00.000000,Yes,ONT,-168
2025-04-28 00:00:00,Fixed,13:00,NRL,9,0,20256797,No_IDN_provided,none,Not_arrived,No,LATE_03,
2025-04-28 00:00:00,Open_slot,15:00,QMS,12,0,20258818,180152397,Over-delivered vs IDN,09:55:00.000000,Yes,ONT,-305
2025-04-28 00:00:00,Fixed,09:30,ZAK,6,4,20254743,180155026,none,09:40:00.000000,Yes,ONT,10
2025-04-28 00:00:00,Fixed,06:30,ADL,16,15,20240597,No_IDN_provided,none,06:30:00.000000,Yes,ONT,0
2025-04-28 00:00:00,Open_slot,15:00,SBK,20,0,20250126,CSS260837WZMC – 180150484 & CSS260815WZMC 180150604,none,12:34:00.000000,Yes,ONT,-146
2025-04-28 00:00:00,Open_slot,15:00,GWL,18,4,20252766,CSS260737WZMC - 180157298,none,13:43:00.000000,Yes,ONT,-77
2025-04-29 00:00:00,Open_slot,15:00,KTR,0,87,20258125,"CSS260844WZMC - 180158435, CSS260764WZMC-180156380, CSS260565WZMC 180158161",none,15:39:00.000000,No,LATE_01,39
2025-04-29 00:00:00,Open_slot,15:00,DLX,2,16,20258239,180159172,IDN illegible,14:15:00.000000,Yes,ONT,-45
2025-04-29 00:00:00,Fixed,10:30,NRL,8,9,20256389,CSS260628WZMC - 180159851,none,10:46:00.000000,Yes,ONT,16
2025-04-29 00:00:00,Open_slot,15:00,YTS,6,10,20257281,"CSS260837WZMC 180155026
CSS260765WZMC-180150592
CSS260078WZMC-180150094",none,08:34:00.000000,Yes,ONT,-386
2025-04-29 00:00:00,Fixed,13:00,NHP,2,0,20252421,CSS260228WZMC – 180159998,idn doesnt match,13:14:00.000000,Yes,ONT,14
2025-04-29 00:00:00,Fixed,12:00,KMB,7,0,20254592,180159668,none,12:00:00.000000,Yes,ONT,0
2025-04-29 00:00:00,Fixed,09:00,MDF,4,0,20255381,CSS260031WZMC – 180150958,SKU on IDN not on PO,09:10:00.000000,Yes,ONT,10
2025-04-29 00:00:00,Fixed,10:30,TGE,22,0,20251510,"180152637
180156347
180151327
180153860",none,10:07:00.000000,Yes,ONT,-23
2025-04-30 00:00:00,Open_slot,15:00,BOS,9,0,20251135,180157933,none,08:18:00.000000,Yes,ONT,-402
2025-04-30 00:00:00,unscheduled,,WDH,30,0,20254793,CSS260828WZMC 180154754 & CSS260287WZMC – 180150495 & 180155201,IDN not matching PO,09:05:00.000000,No,NSCH,
2025-04-30 00:00:00,Fixed,13:30,HCN,4,0,20251072,CSS260958WZMC - 180156333  CSS260627WZMC - 180151634  CSS260714WZMC - 180156056,IDN - PO no. missing,16:24:00.000000,No,LATE_02,174
2025-04-30 00:00:00,unscheduled,,NHP,4,0,20253667,CSS260867WZMC - 180156657,No paperwork with driver,13:51:00.000000,No,NSCH,
2025-04-30 00:00:00,Fixed,10:00,SGM,2,81,20255408,No_IDN_provided,none,09:39:00.000000,Yes,ONT,-21
2025-04-30 00:00:00,Fixed,09:30,CWX,7,0,20259509,CSS260172WZMC-180152989 / CSS260438WZMC - 180150007 / CSS260459WZMC - 180150407,none,10:26:00.000000,No,LATE_01,56
2025-04-30 00:00:00,Fixed,07:30,ZAK,2,0,20255260,CSS260156WZMC 180151902,IDN - PO no. missing,08:37:00.000000,No,LATE_02,67
2025-05-01 00:00:00,Fixed,09:30,ZAK,0,89,20254306,180156281 / 180152222 / 180154888,none,09:20:00.000000,Yes,ONT,-10
2025-05-01 00:00:00,Open_slot,15:00,NHP,1,51,20258553,180156488,Pallet count differs from IDN,11:58:00.000000,Yes,ONT,-182
2025-05-01 00:00:00,Fixed,09:00,MDF,3,0,20253593,180158550,none,08:42:00.000000,Yes,ONT,-18
2025-05-01 00:00:00,Fixed,10:30,TAV,10,0,20254429,IDN NOT REQUIRED,none,11:00:00.000000,Yes,ONT,30
2025-05-01 00:00:00,Open_slot,15:00,LUM,2,43,20257974,IDN NOT REQUIRED,none,17:20:00.000000,No,LATE_02,140
2025-05-01 00:00:00,Open_slot,15:00,KTR,2,102,20252859,CSS260170WZMC-180156594,none,13:42:00.000000,Yes,ONT,-78
2025-05-01 00:00:00,Fixed,10:30,TGE,16,0,20252440,180155835,none,10:26:00.000000,Yes,ONT,-4
2025-05-02 00:00:00,Fixed,08:00,WDH,20,11,20256666,CSS260187WZMC-180151090,none,07:52:00.000000,Yes,ONT,-8
2025-05-02 00:00:00,Fixed,06:00,TAV,10,0,20259425,IDN not required,none,05:52:00.000000,Yes,ONT,-8
2025-05-02 00:00:00,Fixed,14:00,ZAK,0,27,20253806,180151363 / 180152471 / 180154596,missing labels,14:12:00.000000,Yes,ONT,12
2025-05-02 00:00:00,Fixed,12:30,GWL,18,7,20257462,CSS260291WZMC - 180159790,none,12:11:00.000000,Yes,ONT,-19
2025-05-02 00:00:00,Open_slot,15:00,KTR,0,7,20253433,180159695,IDN not matching PO,13:10:00.000000,Yes,ONT,-110
2025-05-02 00:00:00,Open_slot,15:00,VRT,3,0,20253168,180158417 & 180153289,IDN illegible,08:18:00.000000,Yes,ONT,-402
2025-05-02 00:00:00,Fixed,12:30,NRL,15,12,20259880,CSS260646WZMC – 180158538,idn doesnt match,12:37:00.000000,Yes,ONT,7
2025-05-05 00:00:00,Open_slot,15:00,TAV,11,0,20250120,CSS260015WZMC-180159132,Chased vendor for IDN,12:47:00.000000,Yes,ONT,-133
2025-05-05 00:00:00,Fixed,08:00,ORK,24,5,20251095,180155922,none,08:24:00.000000,Yes,ONT,24
2025-05-05 00:00:00,Fixed,14:00,CWX,7,0,20254456,CSS260481WZMC - 180157937,none,15:00:00.000000,No,LATE_01,60
2025-05-05 00:00:00,Fixed,10:30,TGE,16,0,20258029,180151446,none,10:29:00.000000,Yes,ONT,-1
2025-05-05 00:00:00,Fixed,09:30,NRL,4,0,20253981,180153054,none,09:25:00.000000,Yes,ONT,-5
2025-05-05 00:00:00,Open_slot,15:00,LUM,1,25,20254442,180153987,Over-delivered vs IDN,09:44:00.000000,Yes,ONT,-316
2025-05-05 00:00:00,Fixed,09:00,MDF,1,38,20253632,180155915 & 180156735 & 180155413 & 180155511,"pallet overhang, restacked",08:45:00.000000,Yes,ONT,-15
2025-05-06 00:00:00,Open_slot,15:00,DLX,2,50,20250684,CSS260448WZMC-180157823,IDN sent late by vendor,08:29:00.000000,Yes,ONT,-391
2025-05-06 00:00:00,Fixed,14:00,TAV,6,29,20256729,CSS260501WZMC 180159994,none,14:23:00.000000,Yes,ONT,23
2025-05-06 00:00:00,Open_slot,15:00,HCN,4,0,20253952,180156111,none,10:32:00.000000,Yes,ONT,-268
2025-05-06 00:00:00,Fixed,09:00,MDF,6,24,20257782,180152353 / 180155552,none,08:50:00.000000,Yes,ONT,-10
2025-05-06 00:00:00,Open_slot,15:00,EJN,10,0,20252032,CSS260698WZMC 180157449 / CSS260485WZMC 180152265 / 180159602,IDN illegible,06:14:00.000000,Yes,EARL,-526
2025-05-06 00:00:00,Open_slot,15:00,LUM,2,81,20256889,n/a - not req,none,08:21:00.000000,Yes,ONT,-399
2025-05-06 00:00:00,Open_slot,15:00,KTR,2,94,20257165,CSS260739WZMC – 180156875,Damaged pallet - noted on IDN,09:01:00.000000,Yes,ONT,-359
2025-05-07 00:00:00,Fixed,10:30,PLZ,3,36,20254868,CSS260286WZMC – 180153701 / CSS260629WZMC-180159131 / 180157380,Pallet count differs from IDN,09:59:00.000000,Yes,EARL,-31
2025-05-07 00:00:00,Fixed,12:30,ZAK,1,86,20254827,CSS260139WZMC – 180150162 & CSS260154WZMC - 180158254 & CSS260331WZMC-180151644,none,12:29:00.000000,Yes,ONT,-1
2025-05-07 00:00:00,Open_slot,15:00,XPR,10,0,20253799,CSS260357WZMC-180153842,none,16:24:00.000000,No,LATE_02,84
2025-05-07 00:00:00,Fixed,06:30,ADL,15,0,20252164,180151276,Chased vendor for IDN,06:28:00.000000,Yes,ONT,-2
2025-05-07 00:00:00,Fixed,09:00,TAV,8,0,20250965,No_IDN_provided,IDN missing on arrival,08:46:00.000000,Yes,ONT,-14
2025-05-07 00:00:00,Fixed,06:30,NRL,6,0,20250538,180155594,none,07:05:00.000000,No,LATE_01,35
2025-05-08 00:00:00,Fixed,09:00,SGM,23,0,20250448,180156629,none,08:58:00.000000,Yes,ONT,-2
2025-05-08 00:00:00,Fixed,09:00,KMB,3,0,20253280,CSS260325WZMC 180156564,2 IDNs for 1 delivery,08:42:00.000000,Yes,ONT,-18
2025-05-08 00:00:00,Fixed,14:00,TAV,8,0,20257456,180152814,none,14:16:00.000000,Yes,ONT,16
2025-05-08 00:00:00,Fixed,06:00,ZAK,2,15,20257766,CSS260418WZMC 180151033,idn doesnt match,06:09:00.000000,Yes,ONT,9
2025-05-08 00:00:00,Fixed,08:00,ORK,20,32,20250949,180159894,none,08:04:00.000000,Yes,ONT,4
2025-05-08 00:00:00,Fixed,12:30,GWL,22,0,20259587,CSS260453WZMC – 180154486  CSS260456WZMC-180150251  CSS260332WZMC 180154527,none,12:51:00.000000,Yes,ONT,21
2025-05-08 00:00:00,Fixed,09:00,MDF,3,30,20256811,180151538,none,09:18:00.000000,Yes,ONT,18
2025-05-08 00:00:00,Fixed,06:00,NRL,9,0,20258779,CSS260745WZMC - 180150824,Over-delivered vs IDN,06:07:00.000000,Yes,ONT,7
2025-05-09 00:00:00,Open_slot,15:00,ADL,9,0,20253814,180155254 / 180153143 / 180153206,Chased vendor for IDN,11:00:00.000000,Yes,ONT,-240
2025-05-09 00:00:00,Open_slot,15:00,JHT,1,0,20252937,n/a - not req,none,11:46:00.000000,Yes,ONT,-194
2025-05-09 00:00:00,unscheduled,,WDH,22,11,20250463,CSS260159WZMC - 180151882,wrong SKU delivered,07:37:00.000000,No,NSCH,
2025-05-09 00:00:00,Fixed,08:30,ZAK,1,17,20264093,180151515,SKU on IDN not on PO,08:55:00.000000,Yes,ONT,25
2025-05-09 00:00:00,Open_slot,15:00,VRT,2,0,20253346,CSS260209WZMC - 180151659,none,11:16:00.000000,Yes,ONT,-224
2025-05-09 00:00:00,Fixed,13:00,CWX,9,0,20268350,CSS260649WZMC - 180154300,none,12:53:00.000000,Yes,ONT,-7
2025-05-09 00:00:00,Open_slot,15:00,KMB,8,2,20256815,CSS260570WZMC-180156382,short 1 pallet,09:42:00.000000,Yes,ONT,-318
2025-05-09 00:00:00,Open_slot,15:00,DLX,1,8,20255751,No_IDN_provided,no idn with driver,11:17:00.000000,Yes,ONT,-223
2025-05-12 00:00:00,Open_slot,15:00,ZAK,0,8,20252929,CSS260608WZMC - 180150072,none,15:37:00.000000,No,LATE_01,37
2025-05-12 00:00:00,Fixed,13:00,NRL,11,0,20258934,180156331,none,13:17:00.000000,Yes,ONT,17
2025-05-12 00:00:00,Fixed,12:00,SGM,23,0,20256265,"180159830, 180150153, 180156098, 180154957",none,11:56:00.000000,Yes,ONT,-4
2025-05-12 00:00:00,Open_slot,15:00,SBK,19,37,20256284,180152287,IDN - PO no. missing,13:10:00.000000,Yes,ONT,-110
2025-05-12 00:00:00,Fixed,08:30,XPR,9,21,20254522,"CSS260858WZMC-180150821
CSS260581WZMC - 180159724
180159633",Chased vendor for IDN,08:09:00.000000,Yes,ONT,-21
2025-05-12 00:00:00,Open_slot,15:00,QMS,2,14,20262347,CSS260175WZMC-180158100,IDN illegible,14:40:00.000000,Yes,ONT,-20
2025-05-12 00:00:00,Open_slot,15:00,TAV,10,0,20258269,No_IDN_provided,none,14:30:00.000000,Yes,ONT,-30
2025-05-13 00:00:00,Fixed,12:30,GWL,20,0,20255754,180154446  180157804,missing labels,12:32:00.000000,Yes,ONT,2
2025-05-13 00:00:00,Open_slot,15:00,CWX,8,0,20254950,CSS260824WZMC 180159061,none,15:44:00.000000,No,LATE_01,44
2025-05-13 00:00:00,Open_slot,15:00,DLX,12,7,20251103,CSS260212WZMC - 180156061  CSS260525WZMC 180155625  CSS260053WZMC - 180156680,Duplicate IDN,08:57:00.000000,Yes,ONT,-363
2025-05-13 00:00:00,Fixed,08:30,MDF,5,0,20251575,180158496,Chased vendor for IDN,08:56:00.000000,Yes,ONT,26
2025-05-13 00:00:00,Fixed,13:30,SBK,20,0,20251063,180158081,Carton qty short vs IDN,13:23:00.000000,Yes,ONT,-7
2025-05-13 00:00:00,Fixed,11:00,SGM,1,37,20252648,180154061,Wrong IDN attached,10:51:00.000000,Yes,ONT,-9
2025-05-13 00:00:00,Open_slot,15:00,VRT,5,0,20258105,CSS260014WZMC – 180157715 / CSS260945WZMC – 180151553 / CSS260096WZMC-180150524,wrong SKU delivered,10:51:00.000000,Yes,ONT,-249
2025-05-14 00:00:00,Fixed,11:00,RFT,2,23,20258380,CSS260316WZMC-180153383,none,11:00:00.000000,Yes,ONT,0
2025-05-14 00:00:00,Fixed,08:30,XPR,8,0,20257580,180154990,none,08:25:00.000000,Yes,ONT,-5
2025-05-14 00:00:00,Open_slot,15:00,WDH,22,0,20259843,180156352 & 180156989 & 180154423 & 180154537,none,11:07:00.000000,Yes,ONT,-233
2025-05-14 00:00:00,Open_slot,15:00,BOS,12,0,20254676,CSS260575WZMC 180152435,none,08:08:00.000000,Yes,ONT,-412
2025-05-14 00:00:00,Fixed,09:30,NRL,6,0,20253770,180150062,Chased vendor for IDN,09:41:00.000000,Yes,ONT,11
2025-05-14 00:00:00,Open_slot,15:00,ADL,10,0,20256543,180157178,none,13:40:00.000000,Yes,ONT,-80
2025-05-14 00:00:00,Fixed,09:00,CWX,8,0,20259223,No_IDN_provided,none,09:17:00.000000,Yes,ONT,17
2025-05-15 00:00:00,Fixed,10:30,EJN,9,0,20269614,180156671,Chased vendor for IDN,10:45:00.000000,Yes,ONT,15
2025-05-15 00:00:00,Open_slot,15:00,ORK,22,0,20259052,CSS260436WZMC 180152447,none,13:13:00.000000,Yes,ONT,-107
2025-05-15 00:00:00,Open_slot,15:00,LUM,1,27,20250715,CSS260846WZMC-180154541,IDN - PO no. missing,12:03:00.000000,Yes,ONT,-177
2025-05-15 00:00:00,Fixed,07:00,TAV,12,0,20258137,No_IDN_provided,IDN missing on arrival,07:06:00.000000,Yes,ONT,6
2025-05-15 00:00:00,Fixed,12:30,GWL,17,0,20258414,No_IDN_provided,none,12:19:00.000000,Yes,ONT,-11
2025-05-15 00:00:00,Fixed,12:30,CWX,8,0,20256143,CSS260297WZMC – 180154647,none,11:19:00.000000,Yes,EARL,-71
2025-05-15 00:00:00,Fixed,09:00,BRV,6,30,20251021,CSS260600WZMC 180153966,missing labels,09:14:00.000000,Yes,ONT,14
2025-05-16 00:00:00,Fixed,11:30,SGM,19,0,20254523,CSS260627WZMC 180153736,none,12:01:00.000000,No,LATE_01,31
2025-05-16 00:00:00,Fixed,12:30,GWL,19,0,20259683,180154376,none,12:35:00.000000,Yes,ONT,5
2025-05-16 00:00:00,Open_slot,15:00,NHP,0,12,20254111,180151628,Mixed SKUs on pallet,12:32:00.000000,Yes,ONT,-148
2025-05-16 00:00:00,Fixed,10:30,NRL,11,0,20243046,180151635 / 180154638 / 180159290,IDN - PO no. missing,10:47:00.000000,Yes,ONT,17
2025-05-16 00:00:00,Open_slot,15:00,SBK,18,17,20256190,180153513  180151261  180155334,none,11:28:00.000000,Yes,ONT,-212
2025-05-16 00:00:00,Fixed,12:00,ZAK,2,77,20245156,180157078,none,12:34:00.000000,No,LATE_01,34
2025-05-16 00:00:00,Fixed,13:30,TAV,10,0,20259979,180155682,none,13:41:00.000000,Yes,ONT,11
2025-05-16 00:00:00,Open_slot,15:00,JHT,1,0,20257730,No_IDN_provided,No IDN provided,12:57:00.000000,Yes,ONT,-123
2025-05-19 00:00:00,Fixed,11:00,ZAK,1,16,20255959,CSS260502WZMC 180155767,Wrong IDN attached,12:23:00.000000,No,LATE_02,83
2025-05-19 00:00:00,Open_slot,15:00,SBK,12,0,20257742,No_IDN_provided,none,08:28:00.000000,Yes,ONT,-392
2025-05-19 00:00:00,Fixed,08:00,NRL,8,27,20255627,180152054,none,08:00:00.000000,Yes,ONT,0
2025-05-19 00:00:00,Fixed,10:00,DLX,1,59,20250614,CSS260815WZMC - 180152074 / CSS260058WZMC - 180155432 / 180156458,none,12:49:00.000000,No,LATE_02,169
2025-05-19 00:00:00,Fixed,07:30,CWX,10,0,20257454,180156645,none,07:41:00.000000,Yes,ONT,11
2025-05-19 00:00:00,Open_slot,15:00,TAV,7,0,20250127,180151130 / 180152819 / 180159375 / 180155016,Carton qty short vs IDN,12:01:00.000000,Yes,ONT,-179
2025-05-19 00:00:00,Open_slot,15:00,KMB,7,7,20251673,No_IDN_provided,No IDN provided,14:50:00.000000,Yes,ONT,-10
2025-05-19 00:00:00,Fixed,08:30,XPR,4,0,20250555,CSS260428WZMC - 180159464,none,09:19:00.000000,No,LATE_01,49
2025-05-20 00:00:00,Open_slot,15:00,DLX,0,39,20253734,No_IDN_provided,none,12:54:00.000000,Yes,ONT,-126
2025-05-20 00:00:00,Open_slot,15:00,NHP,0,39,20259860,CSS260773WZMC - 180152384,No paperwork with driver,16:00:00.000000,No,LATE_01,60
2025-05-20 00:00:00,Open_slot,15:00,VRT,5,0,20258503,180152449,none,10:22:00.000000,Yes,ONT,-278
2025-05-20 00:00:00,Fixed,07:00,NRL,5,11,20250032,CSS260071WZMC - 180154309,none,11:00:00.000000,No,LATE_02,240
2025-05-20 00:00:00,Open_slot,15:00,SBK,27,18,20252562,"180155442
180158251",Pallet count differs from IDN,14:23:00.000000,Yes,ONT,-37
2025-05-20 00:00:00,Open_slot,15:00,TAV,8,0,20251628,CSS260559WZMC-180154036,none,06:28:00.000000,Yes,EARL,-512
2025-05-20 00:00:00,Fixed,09:00,MDF,2,12,20252893,No_IDN_provided,none,09:10:00.000000,Yes,ONT,10
2025-05-21 00:00:00,Fixed,06:30,ADL,15,15,20253170,180156289 / 180150031 / 180150558 / 180151224,none,06:31:00.000000,Yes,ONT,1
2025-05-21 00:00:00,Fixed,13:30,HCN,5,0,20252514,CSS260505WZMC 180159761,Duplicate IDN,13:51:00.000000,Yes,ONT,21
2025-05-21 00:00:00,Fixed,08:30,XPR,13,0,20259579,180154055,Chased vendor for IDN,08:12:00.000000,Yes,ONT,-18
2025-05-21 00:00:00,Open_slot,15:00,ZAK,2,7,20250071,CSS260829WZMC 180152620,IDN not matching PO,09:39:00.000000,Yes,ONT,-321
2025-05-21 00:00:00,Fixed,13:00,RFT,1,80,20252249,180154075  180152313  180155382,none,12:53:00.000000,Yes,ONT,-7
2025-05-21 00:00:00,Fixed,10:00,JHT,2,0,20252826,CSS260169WZMC – 180151700,Over-delivered vs IDN,10:20:00.000000,Yes,ONT,20
2025-05-22 00:00:00,Fixed,12:30,GWL,21,0,20259705,CSS260987WZMC-180154271,none,12:44:00.000000,Yes,ONT,14
2025-05-22 00:00:00,Open_slot,15:00,KMB,8,26,20257911,CSS260976WZMC 180159802,Chased vendor for IDN,14:39:00.000000,Yes,ONT,-21
2025-05-22 00:00:00,Fixed,12:30,MDF,4,32,20259492,180154176,short 1 pallet,12:26:00.000000,Yes,ONT,-4
2025-05-22 00:00:00,Fixed,09:00,NRL,14,0,20255052,180155572,none,10:44:00.000000,No,LATE_02,104
2025-05-22 00:00:00,Fixed,08:30,XPR,8,0,20259648,180155372 & 180150383 & 180154680 & 180154235,none,09:50:00.000000,No,LATE_02,80
2025-05-22 00:00:00,Fixed,06:30,ADL,14,0,20254122,"180158497
180150983",IDN qty wrong,06:52:00.000000,Yes,ONT,22
2025-05-22 00:00:00,Open_slot,15:00,KTR,0,93,20251629,180156076,none,08:30:00.000000,Yes,ONT,-390
2025-05-23 00:00:00,Fixed,08:30,KMB,5,28,20258917,CSS260141WZMC-180151768,No paperwork with driver,08:59:00.000000,Yes,ONT,29
2025-05-23 00:00:00,Fixed,11:00,ZAK,5,0,20250779,180151234,Chased vendor for IDN,11:13:00.000000,Yes,ONT,13
2025-05-23 00:00:00,Open_slot,15:00,SBK,27,25,20259170,CSS260670WZMC – 180150525,IDN not matching PO,13:12:00.000000,Yes,ONT,-108
2025-05-23 00:00:00,Fixed,13:30,NRL,7,9,20250896,CSS260667WZMC – 180154287,none,13:16:00.000000,Yes,ONT,-14
2025-05-23 00:00:00,Fixed,10:30,TGE,17,0,20255071,not required,none,10:48:00.000000,Yes,ONT,18
2025-05-23 00:00:00,Open_slot,15:00,XPR,9,0,20258719,CSS260809WZMC-180154082  CSS260711WZMC-180157392,IDN illegible,19:00:00.000000,No,LATE_02,240
2025-05-23 00:00:00,Fixed,13:30,SGM,0,111,20242173,CSS260533WZMC 180158805  CSS260758WZMC - 180152998  CSS260653WZMC 180151610  180152980,SKU on IDN not on PO,13:44:00.000000,Yes,ONT,14
2025-05-23 00:00:00,Fixed,12:30,GWL,13,0,20250201,180156358 / 180152526 / 180151580 / 180159713,Over-delivered vs IDN,12:19:00.000000,Yes,ONT,-11
2025-05-26 00:00:00,Fixed,10:30,LUM,2,63,20254093,CSS260328WZMC-180150339,none,10:38:00.000000,Yes,ONT,8
2025-05-26 00:00:00,Open_slot,15:00,NRL,7,0,20252059,"180152708
180159165",none,12:14:00.000000,Yes,ONT,-166
2025-05-26 00:00:00,Open_slot,15:00,XPR,12,15,20254895,CSS260538WZMC - 180157249,IDN - PO no. missing,11:21:00.000000,Yes,ONT,-219
2025-05-26 00:00:00,Open_slot,15:00,CWX,7,32,20251786,CSS260528WZMC 180159805,SKU on IDN not on PO,08:58:00.000000,Yes,ONT,-362
2025-05-26 00:00:00,Fixed,11:00,PLZ,4,0,20253798,CSS260825WZMC - 180154942 & CSS260008WZMC - 180154005 & CSS260027WZMC-180156239,none,11:59:00.000000,No,LATE_01,59
2025-05-26 00:00:00,Open_slot,15:00,JHT,4,28,20255193,not required,none,14:58:00.000000,Yes,ONT,-2
2025-05-26 00:00:00,Fixed,09:30,WDH,17,0,20253590,CSS260511WZMC 180159680,wrong SKU delivered,09:29:00.000000,Yes,ONT,-1
2025-05-26 00:00:00,Fixed,09:00,KMB,9,0,20250027,IDN NOT REQUIRED,none,08:52:00.000000,Yes,ONT,-8
2025-05-27 00:00:00,Fixed,06:00,YTS,10,34,20264305,CSS260678WZMC – 180158610,none,05:59:00.000000,Yes,ONT,-1
2025-05-27 00:00:00,Fixed,09:00,MDF,2,0,20251433,180157728  180159697  180150452,SKU on IDN not on PO,09:11:00.000000,Yes,ONT,11
2025-05-27 00:00:00,Open_slot,15:00,KMB,11,0,20257573,CSS260334WZMC – 180159637,none,09:50:00.000000,Yes,ONT,-310
2025-05-27 00:00:00,Fixed,12:00,TAV,4,0,20252698,CSS260621WZMC – 180153652,none,11:45:00.000000,Yes,ONT,-15
2025-05-27 00:00:00,Fixed,13:30,NRL,13,3,20258399,CSS260392WZMC - 180153482,none,13:21:00.000000,Yes,ONT,-9
2025-05-27 00:00:00,Open_slot,15:00,PLZ,1,19,20250639,CSS260126WZMC 180159807,Duplicate IDN,10:54:00.000000,Yes,ONT,-246
2025-05-27 00:00:00,Fixed,10:30,EJN,5,22,20259453,"CSS260348WZMC-180152368, CSS260585WZMC-180152731",none,10:26:00.000000,Yes,ONT,-4
2025-05-28 00:00:00,Open_slot,15:00,BOS,9,0,20259897,CSS260096WZMC – 180157156,Mixed SKUs on pallet,06:24:00.000000,Yes,EARL,-516
2025-05-28 00:00:00,Open_slot,15:00,KMB,9,8,20257519,CSS260461WZMC - 180158396,Pallet count differs from IDN,13:35:00.000000,Yes,ONT,-85
2025-05-28 00:00:00,Fixed,08:30,XPR,2,0,20256541,"CSS260551WZMC 180158428
CSS260217WZMC-180159080
CSS260050WZMC-180158127",none,06:39:00.000000,Yes,EARL,-111
2025-05-28 00:00:00,Fixed,06:30,ADL,18,0,20256323,180153585,none,06:37:00.000000,Yes,ONT,7
2025-05-28 00:00:00,Fixed,09:00,MDF,2,0,20255038,180154196 / 180152382 / 180155530 / 180156694,Over-delivered vs IDN,08:56:00.000000,Yes,ONT,-4
2025-05-28 00:00:00,Fixed,14:00,ZAK,3,0,20250697,180155540,none,14:06:00.000000,Yes,ONT,6
2025-05-29 00:00:00,Fixed,12:30,GWL,21,22,20254668,CSS260220WZMC 180150185,Over-delivered vs IDN,12:41:00.000000,Yes,ONT,11
2025-05-29 00:00:00,Fixed,11:00,RFT,2,95,20252895,180158763,IDN illegible,10:01:00.000000,Yes,EARL,-59
2025-05-29 00:00:00,Fixed,13:00,CWX,6,13,20255678,180158059,none,13:07:00.000000,Yes,ONT,7
2025-05-29 00:00:00,Open_slot,15:00,DLX,11,0,20252376,No_IDN_provided,No IDN provided,13:34:00.000000,Yes,ONT,-86
2025-05-29 00:00:00,Open_slot,15:00,LUM,1,31,20260366,180151627,none,17:31:00.000000,No,LATE_02,151
2025-05-29 00:00:00,Fixed,08:00,ORK,17,0,20250955,"CSS260631WZMC 180155817
CSS260383WZMC – 180158296
CSS260475WZMC 180153392
180150350",none,07:47:00.000000,Yes,ONT,-13
2025-05-30 00:00:00,Fixed,13:30,TAV,10,17,20254555,180150455,none,13:27:00.000000,Yes,ONT,-3
2025-05-30 00:00:00,Open_slot,15:00,SGM,1,39,20253510,180155219,No paperwork with driver,14:04:00.000000,Yes,ONT,-56
2025-05-30 00:00:00,Open_slot,15:00,NHP,2,88,20252194,CSS260547WZMC-180157163,none,13:57:00.000000,Yes,ONT,-63
2025-05-30 00:00:00,Fixed,09:00,MDF,3,0,20255687,180157595,none,09:16:00.000000,Yes,ONT,16
2025-05-30 00:00:00,Fixed,10:00,ZAK,2,89,20252907,CSS260434WZMC-180150912,none,11:39:00.000000,No,LATE_02,99
2025-05-30 00:00:00,Fixed,11:30,FNB,1,15,20255805,No_IDN_provided,none,Not_arrived,No,LATE_03,
2025-06-02 00:00:00,Open_slot,15:00,ORK,22,8,20256761,CSS260039WZMC - 180159448,Over-delivered vs IDN,13:34:00.000000,Yes,ONT,-86
2025-06-02 00:00:00,Open_slot,15:00,XPR,4,0,20253930,CSS260246WZMC – 180153790,IDN qty wrong,11:19:00.000000,Yes,ONT,-221
2025-06-02 00:00:00,Fixed,11:00,PLZ,6,33,20257352,180155957,none,11:05:00.000000,Yes,ONT,5
2025-06-02 00:00:00,Fixed,10:30,NRL,8,0,20252140,No_IDN_provided,none,Not_arrived,No,LATE_03,
2025-06-02 00:00:00,Fixed,12:30,GWL,19,0,20257551,180151112,idn doesnt match,13:16:00.000000,No,LATE_01,46
2025-06-02 00:00:00,Fixed,06:30,CWX,8,0,20258053,"180152944
180155443
180152609
180157691",none,07:34:00.000000,No,LATE_02,64
2025-06-03 00:00:00,Fixed,06:00,CWX,4,0,20255137,CSS260464WZMC – 180153090 / CSS260975WZMC - 180152720 / CSS260767WZMC-180153366,none,05:56:00.000000,Yes,ONT,-4
2025-06-03 00:00:00,Fixed,13:00,NHP,1,79,20254992,No_IDN_provided,No IDN provided,12:53:00.000000,Yes,ONT,-7
2025-06-03 00:00:00,Fixed,13:00,KTR,0,45,20258307,"CSS260698WZMC - 180154193
CSS260633WZMC – 180158327
CSS260748WZMC 180150672",none,12:59:00.000000,Yes,ONT,-1
2025-06-03 00:00:00,Fixed,13:30,YTS,1,70,20254131,180155640,No paperwork with driver,13:44:00.000000,Yes,ONT,14
2025-06-03 00:00:00,Fixed,06:30,ZAK,2,95,20253700,CSS260389WZMC – 180150476,Damaged pallet - noted on IDN,06:27:00.000000,Yes,ONT,-3
2025-06-03 00:00:00,Open_slot,15:00,DLX,2,119,20253239,180155992,none,13:27:00.000000,Yes,ONT,-93
2025-06-04 00:00:00,Open_slot,15:00,BOS,7,0,20253014,180153161 & 180151776 & 180156194 & 180151413,idn doesnt match,14:21:00.000000,Yes,ONT,-39
2025-06-04 00:00:00,Fixed,06:30,ADL,13,0,20255914,180153168,none,06:53:00.000000,Yes,ONT,23
2025-06-04 00:00:00,Fixed,08:00,CWX,6,0,20250735,"CSS260686WZMC 180156191
CSS260370WZMC-180154066
CSS260375WZMC – 180154265",none,08:57:00.000000,No,LATE_01,57
2025-06-04 00:00:00,Fixed,11:00,ZAK,5,24,20264068,180152677,none,11:09:00.000000,Yes,ONT,9
2025-06-04 00:00:00,Open_slot,15:00,XPR,12,0,20256474,180152571 / 180150623 / 180154427,none,13:48:00.000000,Yes,ONT,-72
2025-06-04 00:00:00,Open_slot,15:00,EJN,8,0,20256531,IDN not required,none,08:46:00.000000,Yes,ONT,-374
2025-06-04 00:00:00,Fixed,07:00,SGM,18,0,20251447,CSS260975WZMC – 180157585,none,07:24:00.000000,Yes,ONT,24
2025-06-04 00:00:00,Fixed,13:30,HCN,3,0,20251036,"180153536, 180153042",none,13:31:00.000000,Yes,ONT,1
2025-06-05 00:00:00,Open_slot,15:00,JHT,3,16,20259847,CSS260896WZMC - 180150290 & CSS260775WZMC 180158553 & 180159070,IDN illegible,08:54:00.000000,Yes,ONT,-366
2025-06-05 00:00:00,Fixed,09:00,MDF,3,0,20250988,180151028,missing labels,09:01:00.000000,Yes,ONT,1
2025-06-05 00:00:00,Fixed,10:30,LUM,1,71,20255718,"CSS260970WZMC 180151755
CSS260762WZMC-180158303
CSS260908WZMC 180157270",IDN not matching PO,10:21:00.000000,Yes,ONT,-9
2025-06-05 00:00:00,Fixed,10:30,TGE,21,0,20253551,CSS260345WZMC 180156273,Pallet count differs from IDN,10:38:00.000000,Yes,ONT,8
2025-06-05 00:00:00,Fixed,11:30,TAV,5,0,20263456,CSS260818WZMC – 180150137 / CSS260872WZMC – 180159282,none,11:21:00.000000,Yes,ONT,-9
2025-06-05 00:00:00,Open_slot,15:00,VRT,5,0,20258582,180150564,IDN qty wrong,14:46:00.000000,Yes,ONT,-14
2025-06-05 00:00:00,Fixed,12:30,GWL,22,0,20251384,IDN not required,none,12:31:00.000000,Yes,ONT,1
2025-06-06 00:00:00,Fixed,11:00,NRL,7,0,20242438,"CSS260105WZMC - 180156040, CSS260777WZMC-180156141",none,11:42:00.000000,No,LATE_01,42
2025-06-06 00:00:00,Fixed,07:00,CWX,12,0,20253944,CSS260594WZMC 180151442,none,07:10:00.000000,Yes,ONT,10
2025-06-06 00:00:00,Fixed,06:30,ADL,21,0,20253977,180154322,short 1 pallet,06:35:00.000000,Yes,ONT,5
2025-06-06 00:00:00,Fixed,12:30,GWL,26,36,20258848,180154791 & 180156169 & 180153124,SKU on IDN not on PO,12:53:00.000000,Yes,ONT,23
2025-06-06 00:00:00,Fixed,14:00,ZAK,0,58,20251405,"CSS260798WZMC-180152984
CSS260516WZMC-180153882",none,13:38:00.000000,Yes,ONT,-22
2025-06-06 00:00:00,Fixed,10:30,SGM,0,35,20243801,180150902,Chased vendor for IDN,10:06:00.000000,Yes,ONT,-24
2025-06-06 00:00:00,Fixed,13:30,KMB,9,0,20258323,180156445,wrong SKU delivered,13:34:00.000000,Yes,ONT,4
2025-06-06 00:00:00,Open_slot,15:00,JHT,4,0,20250990,"CSS260754WZMC – 180154919
CSS260060WZMC – 180154621
CSS260212WZMC - 180152603",IDN sent late by vendor,14:29:00.000000,Yes,ONT,-31
2025-06-09 00:00:00,Fixed,13:00,NRL,6,0,20250727,CSS260851WZMC - 180157188,Mixed SKUs on pallet,13:01:00.000000,Yes,ONT,1
2025-06-09 00:00:00,Fixed,11:30,FNB,3,0,20251165,180154404 / 180154024 / 180157192 / 180158234,wrong SKU delivered,11:24:00.000000,Yes,ONT,-6
2025-06-09 00:00:00,Fixed,13:00,ZAK,2,29,20250872,180158836,idn doesnt match,15:07:00.000000,No,LATE_02,127
2025-06-09 00:00:00,Open_slot,15:00,XPR,8,0,20258810,CSS260259WZMC 180157162,none,11:31:00.000000,Yes,ONT,-209
2025-06-09 00:00:00,Fixed,10:30,EJN,6,0,20251414,180159620,none,10:22:00.000000,Yes,ONT,-8
2025-06-09 00:00:00,Fixed,06:30,CWX,12,26,20252457,CSS260591WZMC-180159055,none,05:30:00.000000,Yes,EARL,-60
2025-06-09 00:00:00,Fixed,10:30,LUM,2,90,20255538,180159038,none,10:40:00.000000,Yes,ONT,10
2025-06-10 00:00:00,Open_slot,15:00,DLX,1,112,20257267,CSS260234WZMC - 180158456  CSS260693WZMC - 180151868,"pallet overhang, restacked",08:00:00.000000,Yes,ONT,-420
2025-06-10 00:00:00,Open_slot,15:00,KMB,8,14,20256415,not required,none,10:53:00.000000,Yes,ONT,-247
2025-06-10 00:00:00,Fixed,06:30,YTS,2,84,20258522,No_IDN_provided,none,06:21:00.000000,Yes,ONT,-9
2025-06-10 00:00:00,Open_slot,15:00,KTR,2,13,20259363,180153524,Duplicate IDN,09:19:00.000000,Yes,ONT,-341
2025-06-10 00:00:00,Fixed,12:30,CWX,6,4,20255375,No_IDN_provided,none,12:32:00.000000,Yes,ONT,2
2025-06-10 00:00:00,Open_slot,15:00,TAV,10,0,20244975,180151891 & 180157429 & 180158157 & 180150105,none,14:20:00.000000,Yes,ONT,-40
2025-06-10 00:00:00,Fixed,09:00,MDF,4,0,20259404,CSS260700WZMC – 180156403,none,08:59:00.000000,Yes,ONT,-1
2025-06-11 00:00:00,Open_slot,15:00,BOS,7,16,20250888,No_IDN_provided,no idn with driver,12:44:00.000000,Yes,ONT,-136
2025-06-11 00:00:00,Fixed,11:30,WDH,26,0,20259527,CSS260040WZMC - 180155455,none,11:17:00.000000,Yes,ONT,-13
2025-06-11 00:00:00,Fixed,06:30,ADL,18,0,20259879,180155527,none,06:26:00.000000,Yes,ONT,-4
2025-06-11 00:00:00,Open_slot,15:00,SBK,25,0,20259274,CSS260481WZMC - 180156776  CSS260624WZMC – 180150412,none,12:45:00.000000,Yes,ONT,-135
2025-06-11 00:00:00,Open_slot,15:00,HCN,7,0,20263696,"180158005
180159583
180157397
180153170",Wrong IDN attached,11:37:00.000000,Yes,ONT,-203
2025-06-11 00:00:00,Fixed,08:00,NRL,8,0,20252259,180155112,idn doesnt match,08:09:00.000000,Yes,ONT,9
2025-06-12 00:00:00,Open_slot,15:00,KTR,2,22,20253362,No_IDN_provided,none,14:07:00.000000,Yes,ONT,-53
2025-06-12 00:00:00,Fixed,08:00,ORK,19,0,20255582,"180154167
180156401",Duplicate IDN,08:02:00.000000,Yes,ONT,2
2025-06-12 00:00:00,Open_slot,15:00,TAV,6,37,20256069,CSS260089WZMC 180154822,IDN sent late by vendor,12:01:00.000000,Yes,ONT,-179
2025-06-12 00:00:00,Fixed,10:30,LUM,0,85,20252967,180153576,Wrong IDN attached,10:52:00.000000,Yes,ONT,22
2025-06-12 00:00:00,Open_slot,15:00,BOS,9,0,20250177,180155692,Over-delivered vs IDN,08:27:00.000000,Yes,ONT,-393
2025-06-12 00:00:00,Open_slot,15:00,XPR,8,0,20254693,180150315,wrong SKU delivered,13:53:00.000000,Yes,ONT,-67
2025-06-13 00:00:00,Open_slot,15:00,RFT,2,41,20252584,CSS260351WZMC - 180151774,none,09:30:00.000000,Yes,ONT,-330
2025-06-13 00:00:00,Fixed,09:00,BRV,9,14,20268654,180151535,none,08:50:00.000000,Yes,ONT,-10
2025-06-13 00:00:00,Open_slot,15:00,VRT,8,0,20253448,180154205 / 180152299,IDN sent late by vendor,14:25:00.000000,Yes,ONT,-35
2025-06-13 00:00:00,Open_slot,15:00,ADL,14,0,20254127,CSS260942WZMC – 180151132,none,08:14:00.000000,Yes,ONT,-406
2025-06-13 00:00:00,Fixed,12:30,GWL,23,0,20259586,180154160,Over-delivered vs IDN,12:31:00.000000,Yes,ONT,1
2025-06-13 00:00:00,Open_slot,15:00,JHT,3,0,20254867,180152243  180156986  180155510,missing labels,14:55:00.000000,Yes,ONT,-5
2025-06-13 00:00:00,Fixed,13:30,HCN,3,31,20251751,CSS260629WZMC 180155501,none,13:38:00.000000,Yes,ONT,8
2025-06-16 00:00:00,Fixed,07:30,ZAK,0,20,20253101,"CSS260665WZMC - 180154457, CSS260239WZMC 180157668, CSS260227WZMC – 180152018",wrong SKU delivered,07:31:00.000000,Yes,ONT,1
2025-06-16 00:00:00,Open_slot,15:00,LUM,2,9,20257583,CSS260231WZMC 180151467,none,13:25:00.000000,Yes,ONT,-95
2025-06-16 00:00:00,Fixed,12:30,GWL,16,0,20257862,not required,none,12:36:00.000000,Yes,ONT,6
2025-06-16 00:00:00,Fixed,08:30,XPR,6,0,20259182,CSS260381WZMC - 180153394,Over-delivered vs IDN,08:30:00.000000,Yes,ONT,0
2025-06-16 00:00:00,Fixed,12:00,TAV,5,0,20251332,No_IDN_provided,none,12:47:00.000000,No,LATE_01,47
2025-06-16 00:00:00,unscheduled,,QMS,2,110,20255887,"CSS260145WZMC 180154807
CSS260449WZMC - 180155355
180158655",none,14:46:00.000000,No,NSCH,
2025-06-16 00:00:00,Fixed,13:00,NRL,5,0,20259154,CSS260849WZMC 180150573,none,12:42:00.000000,Yes,ONT,-18
2025-06-16 00:00:00,Open_slot,15:00,SBK,21,0,20256990,180150073 / 180156788 / 180156955 / 180154783,Wrong IDN attached,10:03:00.000000,Yes,ONT,-297
2025-06-17 00:00:00,Open_slot,15:00,VRT,3,6,20258424,CSS260589WZMC – 180156625 / CSS260724WZMC – 180153371 / CSS260143WZMC – 180151391,IDN illegible,15:46:00.000000,No,LATE_01,46
2025-06-17 00:00:00,Open_slot,15:00,RFT,13,0,20253909,"180154212
180153393",none,08:28:00.000000,Yes,ONT,-392
2025-06-17 00:00:00,Fixed,08:30,XPR,10,0,20253597,180159102,none,09:57:00.000000,No,LATE_02,87
2025-06-17 00:00:00,Fixed,06:30,TAV,5,0,20258712,CSS260708WZMC – 180158730 & CSS260147WZMC – 180157128 & CSS260842WZMC – 180159361,none,06:47:00.000000,Yes,ONT,17
2025-06-17 00:00:00,Fixed,10:00,DLX,1,31,20259459,180154351,none,10:08:00.000000,Yes,ONT,8
2025-06-17 00:00:00,Open_slot,15:00,EJN,7,0,20250401,180155745,none,08:07:00.000000,Yes,ONT,-413
2025-06-17 00:00:00,Fixed,09:00,MDF,3,20,20252842,CSS260700WZMC-180158220,No paperwork with driver,09:22:00.000000,Yes,ONT,22
2025-06-18 00:00:00,Open_slot,15:00,KMB,9,0,20258394,180159898,Chased vendor for IDN,14:07:00.000000,Yes,ONT,-53
2025-06-18 00:00:00,Fixed,11:30,RFT,22,0,20267391,180155608,No paperwork with driver,10:12:00.000000,Yes,EARL,-78
2025-06-18 00:00:00,Fixed,09:00,PLZ,3,0,20258784,CSS260310WZMC - 180158604,wrong SKU delivered,08:52:00.000000,Yes,ONT,-8
2025-06-18 00:00:00,Open_slot,15:00,ADL,9,0,20253031,CSS260791WZMC - 180154771,none,13:28:00.000000,Yes,ONT,-92
2025-06-18 00:00:00,unscheduled,,WDH,19,0,20252258,180155249,none,11:58:00.000000,No,NSCH,
2025-06-18 00:00:00,Fixed,10:30,EJN,9,26,20256830,180151110,missing labels,10:00:00.000000,Yes,ONT,-30
2025-06-18 00:00:00,Open_slot,15:00,XPR,7,0,20258881,"180159695
180150016
180158049",none,13:37:00.000000,Yes,ONT,-83
2025-06-19 00:00:00,Open_slot,15:00,BOS,10,18,20255821,not required,none,10:31:00.000000,Yes,ONT,-269
2025-06-19 00:00:00,Open_slot,15:00,KTR,1,23,20252510,IDN not required,Chased vendor for IDN,13:57:00.000000,Yes,ONT,-63
2025-06-19 00:00:00,Open_slot,15:00,ORK,22,0,20256040,180157662,none,11:48:00.000000,Yes,ONT,-192
2025-06-19 00:00:00,Open_slot,15:00,LUM,2,28,20259936,180152185,none,08:05:00.000000,Yes,ONT,-415
2025-06-19 00:00:00,Fixed,07:00,ZAK,0,75,20252635,No_IDN_provided,none,Not_arrived,No,LATE_03,
2025-06-19 00:00:00,Fixed,09:00,MDF,2,0,20255747,CSS260803WZMC-180154825  CSS260221WZMC – 180155490  CSS260669WZMC – 180152578,none,08:57:00.000000,Yes,ONT,-3
2025-06-19 00:00:00,Open_slot,15:00,KMB,2,0,20258344,"CSS260857WZMC 180158064
CSS260771WZMC 180153426
CSS260946WZMC - 180150500",none,12:04:00.000000,Yes,ONT,-176
2025-06-20 00:00:00,Fixed,12:30,GWL,15,0,20258841,180159295,IDN - PO no. missing,12:31:00.000000,Yes,ONT,1
2025-06-20 00:00:00,Open_slot,15:00,WDH,18,0,20255551,CSS260063WZMC – 180157814,idn doesnt match,08:58:00.000000,Yes,ONT,-362
2025-06-20 00:00:00,Open_slot,15:00,JHT,2,0,20252602,No_IDN_provided,no idn with driver,09:43:00.000000,Yes,ONT,-317
2025-06-20 00:00:00,Open_slot,15:00,SBK,11,8,20258995,CSS260293WZMC 180151412,none,14:44:00.000000,Yes,ONT,-16
2025-06-20 00:00:00,Open_slot,15:00,ZAK,0,28,20257169,180153395,SKU on IDN not on PO,08:22:00.000000,Yes,ONT,-398
2025-06-20 00:00:00,Fixed,10:00,TAV,12,0,20259079,CSS260994WZMC – 180152292,Duplicate IDN,09:39:00.000000,Yes,ONT,-21
2025-06-20 00:00:00,Open_slot,15:00,KMB,15,0,20252390,CSS260483WZMC – 180159719,none,08:33:00.000000,Yes,ONT,-387
2025-06-23 00:00:00,Fixed,14:00,CWX,10,28,20258081,180155052,IDN qty wrong,13:50:00.000000,Yes,ONT,-10
2025-06-23 00:00:00,Fixed,09:00,MDF,4,0,20251073,180153417,none,08:40:00.000000,Yes,ONT,-20
2025-06-23 00:00:00,Fixed,09:30,TAV,13,0,20247277,CSS260632WZMC - 180151287,none,08:30:00.000000,Yes,EARL,-60
2025-06-23 00:00:00,Open_slot,15:00,XPR,8,0,20256070,CSS260197WZMC - 180158916,Damaged pallet - noted on IDN,10:54:00.000000,Yes,ONT,-246
2025-06-23 00:00:00,Fixed,10:30,QMS,14,0,20257646,180159162,Pallet count differs from IDN,10:49:00.000000,Yes,ONT,19
2025-06-23 00:00:00,Fixed,11:00,WDH,30,0,20250563,CSS260427WZMC – 180150414,Pallet count differs from IDN,10:06:00.000000,Yes,EARL,-54
2025-06-23 00:00:00,Fixed,10:30,EJN,9,0,20254719,"CSS260344WZMC – 180151422
CSS260142WZMC - 180154863",IDN qty wrong,10:40:00.000000,Yes,ONT,10
2025-06-24 00:00:00,Open_slot,15:00,DLX,9,9,20250579,180155318,none,11:48:00.000000,Yes,ONT,-192
2025-06-24 00:00:00,Open_slot,15:00,ZAK,0,116,20259013,180150511 & 180153299,none,13:56:00.000000,Yes,ONT,-64
2025-06-24 00:00:00,Fixed,13:00,MDF,6,0,20259226,180150894,Pallet count differs from IDN,12:46:00.000000,Yes,ONT,-14
2025-06-24 00:00:00,Fixed,06:00,NRL,11,0,20253469,180154013,none,05:55:00.000000,Yes,ONT,-5
2025-06-24 00:00:00,Open_slot,15:00,KMB,12,0,20252285,180154040,none,10:09:00.000000,Yes,ONT,-291
2025-06-24 00:00:00,Open_slot,15:00,TAV,7,0,20259603,CSS260769WZMC – 180155212,idn doesnt match,12:25:00.000000,Yes,ONT,-155
2025-06-24 00:00:00,Fixed,12:30,GWL,24,0,20242015,"CSS260355WZMC-180158843, CSS260337WZMC 180159646",none,12:49:00.000000,Yes,ONT,19
2025-06-24 00:00:00,Fixed,13:30,YTS,8,0,20253852,180156287,Carton qty short vs IDN,13:35:00.000000,Yes,ONT,5
2025-06-25 00:00:00,Fixed,10:00,SGM,13,16,20252069,180156833,missing labels,09:53:00.000000,Yes,ONT,-7
2025-06-25 00:00:00,Fixed,13:30,RFT,17,0,20254644,180159295,none,12:38:00.000000,Yes,EARL,-52
2025-06-25 00:00:00,Open_slot,15:00,BOS,10,0,20251741,CSS260117WZMC - 180152464,idn doesnt match,09:06:00.000000,Yes,ONT,-354
2025-06-25 00:00:00,Fixed,08:30,XPR,4,1,20259377,CSS260549WZMC 180159145,IDN qty wrong,08:43:00.000000,Yes,ONT,13
2025-06-25 00:00:00,Fixed,06:30,ADL,12,0,20251409,CSS260730WZMC - 180150299,IDN sent late by vendor,06:49:00.000000,Yes,ONT,19
2025-06-25 00:00:00,Fixed,10:30,EJN,5,0,20258397,CSS260185WZMC – 180152725 / CSS260055WZMC - 180157512 / CSS260312WZMC – 180157021 / 180155551,none,08:53:00.000000,Yes,EARL,-97
2025-06-25 00:00:00,Open_slot,15:00,DLX,1,61,20260161,CSS260238WZMC 180155840,none,14:00:00.000000,Yes,ONT,-60
2025-06-26 00:00:00,Open_slot,15:00,LUM,3,0,20258510,180158166,none,14:56:00.000000,Yes,ONT,-4
2025-06-26 00:00:00,Open_slot,15:00,ADL,9,34,20250546,IDN not required,none,09:48:00.000000,Yes,ONT,-312
2025-06-26 00:00:00,Open_slot,15:00,BOS,7,0,20259063,180158789,none,12:41:00.000000,Yes,ONT,-139
2025-06-26 00:00:00,Fixed,13:00,PVC,25,26,20254136,180158735,none,13:02:00.000000,Yes,ONT,2
2025-06-26 00:00:00,Fixed,12:30,GWL,13,34,20256593,No_IDN_provided,none,Not_arrived,No,LATE_03,
2025-06-26 00:00:00,Fixed,09:00,MDF,5,0,20256174,180150063,none,08:59:00.000000,Yes,ONT,-1
2025-06-27 00:00:00,Fixed,11:00,KMB,2,0,20255624,IDN NOT REQUIRED,none,11:12:00.000000,Yes,ONT,12
2025-06-27 00:00:00,Fixed,07:00,TAV,14,39,20255692,CSS260832WZMC - 180150780,Carton qty short vs IDN,07:07:00.000000,Yes,ONT,7
2025-06-27 00:00:00,Open_slot,15:00,SBK,18,16,20251596,180153933,Damaged pallet - noted on IDN,09:15:00.000000,Yes,ONT,-345
2025-06-27 00:00:00,Open_slot,15:00,XPR,4,9,20251848,No_IDN_provided,IDN missing on arrival,18:18:00.000000,No,LATE_02,198
2025-06-27 00:00:00,Fixed,14:00,SGM,0,110,20259731,CSS260211WZMC – 180151842,No paperwork with driver,13:45:00.000000,Yes,ONT,-15
2025-06-27 00:00:00,Open_slot,15:00,VRT,2,17,20253566,180150798,none,13:40:00.000000,Yes,ONT,-80
2025-06-27 00:00:00,Fixed,11:00,CWX,8,26,20261598,IDN NOT REQUIRED,none,10:30:00.000000,Yes,ONT,-30
2025-06-27 00:00:00,Open_slot,15:00,GWL,14,9,20252366,180155940,No paperwork with driver,13:42:00.000000,Yes,ONT,-78
2025-06-30 00:00:00,Open_slot,15:00,QMS,1,21,20266734,180157021,none,13:33:00.000000,Yes,ONT,-87
2025-06-30 00:00:00,Fixed,06:30,WDH,15,0,20250918,180159609,none,06:42:00.000000,Yes,ONT,12
2025-06-30 00:00:00,Fixed,13:30,HCN,2,0,20251802,No_IDN_provided,none,14:25:00.000000,No,LATE_01,55
2025-06-30 00:00:00,Open_slot,15:00,LUM,2,23,20256418,CSS260572WZMC - 180157882  CSS260749WZMC - 180158464,none,08:25:00.000000,Yes,ONT,-395
2025-06-30 00:00:00,Open_slot,15:00,VRT,9,23,20256473,CSS260514WZMC - 180157974  CSS260040WZMC 180157200,none,14:43:00.000000,Yes,ONT,-17
2025-06-30 00:00:00,Fixed,06:30,ADL,23,10,20264388,No_IDN_provided,none,06:44:00.000000,Yes,ONT,14
2025-06-30 00:00:00,Fixed,08:30,XPR,9,0,20258202,No_IDN_provided,none,Not_arrived,No,LATE_03,
2025-07-01 00:00:00,Fixed,10:00,ZAK,0,44,20253194,CSS260754WZMC - 180155687,IDN sent late by vendor,10:05:00.000000,Yes,ONT,5
2025-07-01 00:00:00,Open_slot,15:00,DLX,14,30,20256764,IDN not required,none,11:19:00.000000,Yes,ONT,-221
2025-07-01 00:00:00,Fixed,13:30,NRL,6,0,20252368,"180150873
180150436
180156537",none,15:27:00.000000,No,LATE_02,117
2025-07-01 00:00:00,Open_slot,15:00,KTR,7,0,20259601,CSS260717WZMC - 180150617,none,12:34:00.000000,Yes,ONT,-146
2025-07-01 00:00:00,Fixed,13:00,NHP,0,33,20263789,180151649,none,13:04:00.000000,Yes,ONT,4
2025-07-01 00:00:00,Open_slot,15:00,BRV,4,0,20260655,180159357,none,12:59:00.000000,Yes,ONT,-121
2025-07-01 00:00:00,Fixed,06:30,PLZ,3,0,20259503,CSS260194WZMC - 180152521,none,06:28:00.000000,Yes,ONT,-2
2025-07-02 00:00:00,Fixed,07:30,TAV,11,0,20251574,"180153906
180153852
180152857",none,06:34:00.000000,Yes,EARL,-56
2025-07-02 00:00:00,Open_slot,15:00,PLZ,1,0,20243617,180154817,none,08:05:00.000000,Yes,ONT,-415
2025-07-02 00:00:00,Fixed,13:30,ZAK,4,33,20259550,180155418,none,15:02:00.000000,No,LATE_02,92
2025-07-02 00:00:00,Fixed,13:00,PVC,17,24,20253982,"180150391
180157852
180150629",IDN not matching PO,13:15:00.000000,Yes,ONT,15
2025-07-02 00:00:00,Fixed,08:30,XPR,10,0,20252320,CSS260022WZMC - 180153057 & CSS260259WZMC – 180152517 & CSS260294WZMC - 180157371 & 180156943,Over-delivered vs IDN,08:41:00.000000,Yes,ONT,11
2025-07-02 00:00:00,Fixed,10:30,SBK,18,0,20252141,No_IDN_provided,no idn with driver,10:31:00.000000,Yes,ONT,1
2025-07-03 00:00:00,Fixed,09:00,TAV,15,0,20258770,CSS260791WZMC - 180157381 / CSS260959WZMC - 180156212 / CSS260533WZMC-180159047,none,07:02:00.000000,Yes,EARL,-118
2025-07-03 00:00:00,Open_slot,15:00,BOS,12,0,20258250,180153449,none,13:36:00.000000,Yes,ONT,-84
2025-07-03 00:00:00,Fixed,10:30,TGE,15,30,20259669,No_IDN_provided,no idn with driver,10:32:00.000000,Yes,ONT,2
2025-07-03 00:00:00,Fixed,13:00,KTR,0,36,20252653,180151151,Damaged pallet - noted on IDN,12:59:00.000000,Yes,ONT,-1
2025-07-03 00:00:00,Fixed,10:00,ZAK,3,0,20259490,No_IDN_provided,IDN missing on arrival,09:45:00.000000,Yes,ONT,-15
2025-07-03 00:00:00,Open_slot,15:00,LUM,2,0,20251282,not required,none,12:08:00.000000,Yes,ONT,-172
2025-07-03 00:00:00,Fixed,08:30,XPR,4,14,20255508,180158400 & 180153187 & 180156858 & 180159177,"pallet overhang, restacked",06:30:00.000000,Yes,EARL,-120
2025-07-04 00:00:00,Open_slot,15:00,JHT,4,0,20256477,180156521 & 180151211 & 180155081,none,10:42:00.000000,Yes,ONT,-258
2025-07-04 00:00:00,Open_slot,15:00,KMB,4,0,20252932,CSS260585WZMC 180157589,none,08:14:00.000000,Yes,ONT,-406
2025-07-04 00:00:00,Fixed,11:00,NRL,9,0,20252714,180154282,2 IDNs for 1 delivery,11:09:00.000000,Yes,ONT,9
2025-07-04 00:00:00,Fixed,12:30,GWL,16,39,20253058,180153059,none,11:10:00.000000,Yes,EARL,-80
2025-07-04 00:00:00,Fixed,10:00,ZAK,0,20,20250623,CSS260045WZMC-180154928,none,10:10:00.000000,Yes,ONT,10
2025-07-04 00:00:00,Open_slot,15:00,VRT,5,0,20240185,No_IDN_provided,no idn with driver,06:31:00.000000,Yes,EARL,-509
2025-07-04 00:00:00,unscheduled,,CWX,8,0,20256381,IDN not required,none,11:44:00.000000,No,NSCH,
2025-07-04 00:00:00,Fixed,10:30,PLZ,4,0,20255775,180154474,IDN illegible,10:15:00.000000,Yes,ONT,-15
2025-07-07 00:00:00,Fixed,10:30,TGE,11,0,20244717,CSS260159WZMC-180156338,none,10:37:00.000000,Yes,ONT,7
2025-07-07 00:00:00,Fixed,07:00,NRL,10,0,20250151,180159687,none,09:39:00.000000,No,LATE_02,159
2025-07-07 00:00:00,Fixed,08:30,XPR,2,0,20251867,180152078,none,08:13:00.000000,Yes,ONT,-17
2025-07-07 00:00:00,Fixed,09:00,ZAK,1,48,20258212,"180158591
180150110
180159498",none,09:38:00.000000,No,LATE_01,38
2025-07-07 00:00:00,Open_slot,15:00,KTR,10,0,20254307,CSS260552WZMC 180150205,none,10:24:00.000000,Yes,ONT,-276
2025-07-07 00:00:00,Fixed,12:30,TAV,7,0,20253253,180153562,IDN illegible,11:48:00.000000,Yes,EARL,-42
2025-07-07 00:00:00,Fixed,10:30,LUM,2,39,20260117,180154757,Over-delivered vs IDN,10:26:00.000000,Yes,ONT,-4
2025-07-07 00:00:00,Fixed,10:30,QMS,10,17,20253369,No_IDN_provided,No IDN provided,10:34:00.000000,Yes,ONT,4
2025-07-08 00:00:00,Fixed,06:00,ZAK,0,77,20256602,180150516,IDN illegible,06:02:00.000000,Yes,ONT,2
2025-07-08 00:00:00,Fixed,14:00,CWX,4,0,20251898,not required,none,15:45:00.000000,No,LATE_02,105
2025-07-08 00:00:00,Open_slot,15:00,DLX,14,24,20254947,180155575  180155411,none,08:20:00.000000,Yes,ONT,-400
2025-07-08 00:00:00,Fixed,09:00,MDF,2,0,20253614,"180156530
180152504
180158046",wrong SKU delivered,09:23:00.000000,Yes,ONT,23
2025-07-08 00:00:00,Fixed,06:30,ADL,9,0,20250334,CSS260249WZMC – 180154004,Chased vendor for IDN,06:36:00.000000,Yes,ONT,6
2025-07-08 00:00:00,Fixed,10:30,EJN,14,0,20252460,180158055,none,10:29:00.000000,Yes,ONT,-1
2025-07-08 00:00:00,Open_slot,15:00,VRT,3,0,20255639,180153712,Duplicate IDN,13:31:00.000000,Yes,ONT,-89
2025-07-09 00:00:00,Open_slot,15:00,BOS,6,0,20257415,No_IDN_provided,IDN missing on arrival,10:39:00.000000,Yes,ONT,-261
2025-07-09 00:00:00,Open_slot,15:00,VRT,4,22,20255597,No_IDN_provided,no idn with driver,11:59:00.000000,Yes,ONT,-181
2025-07-09 00:00:00,Fixed,07:00,BRV,10,0,20263192,CSS260123WZMC-180151198,short 1 pallet,06:55:00.000000,Yes,ONT,-5
2025-07-09 00:00:00,Open_slot,15:00,XPR,2,0,20257190,CSS260848WZMC – 180151354,none,15:55:00.000000,No,LATE_01,55
2025-07-09 00:00:00,Fixed,07:00,TAV,11,24,20253026,180158070,none,07:01:00.000000,Yes,ONT,1
2025-07-09 00:00:00,Open_slot,15:00,RFT,16,0,20264515,180158535,none,06:51:00.000000,Yes,EARL,-489
2025-07-09 00:00:00,Fixed,12:30,NRL,9,4,20259271,180158382  180155469  180156350,none,12:15:00.000000,Yes,ONT,-15
2025-07-09 00:00:00,Open_slot,15:00,DLX,14,0,20251223,180152262,none,08:23:00.000000,Yes,ONT,-397
2025-07-10 00:00:00,Fixed,09:00,MDF,3,0,20250510,CSS260459WZMC - 180152286,none,09:04:00.000000,Yes,ONT,4
2025-07-10 00:00:00,Open_slot,15:00,BOS,5,17,20258681,"180153300, 180151863, 180159939, 180159718",none,08:43:00.000000,Yes,ONT,-377
2025-07-10 00:00:00,Fixed,11:30,ZAK,0,20,20252776,CSS260227WZMC - 180158949 / CSS260755WZMC - 180159554 / 180151213,none,12:36:00.000000,No,LATE_02,66
2025-07-10 00:00:00,Open_slot,15:00,KTR,0,105,20252468,CSS260471WZMC - 180150445 & CSS260958WZMC 180153467 & 180153665,idn doesnt match,13:18:00.000000,Yes,ONT,-102
2025-07-10 00:00:00,Fixed,10:30,CWX,5,32,20256792,No_IDN_provided,none,10:22:00.000000,Yes,ONT,-8
2025-07-10 00:00:00,Fixed,08:00,ORK,25,0,20256026,not required,none,06:28:00.000000,Yes,EARL,-92
2025-07-10 00:00:00,Fixed,12:30,GWL,21,0,20256013,CSS260887WZMC 180151181,none,12:28:00.000000,Yes,ONT,-2
2025-07-11 00:00:00,Open_slot,15:00,VRT,5,0,20254750,180152173,Wrong IDN attached,14:58:00.000000,Yes,ONT,-2
2025-07-11 00:00:00,Open_slot,15:00,GWL,13,0,20255832,180152043,IDN qty wrong,12:15:00.000000,Yes,ONT,-165
2025-07-11 00:00:00,Fixed,07:30,TAV,10,0,20250175,180153965,none,07:11:00.000000,Yes,ONT,-19
2025-07-11 00:00:00,Open_slot,15:00,JHT,2,27,20251464,180154138,No paperwork with driver,10:22:00.000000,Yes,ONT,-278
2025-07-11 00:00:00,Fixed,08:00,NRL,7,0,20250548,CSS260262WZMC 180154964,Wrong IDN attached,09:35:00.000000,No,LATE_02,95
2025-07-11 00:00:00,Fixed,09:30,WDH,29,4,20252987,"180156539
180153328
180154668",none,09:37:00.000000,Yes,ONT,7
2025-07-11 00:00:00,Fixed,11:00,SGM,17,0,20255600,No_IDN_provided,none,10:49:00.000000,Yes,ONT,-11
2025-07-14 00:00:00,Fixed,10:30,TGE,13,0,20254445,180150202,none,10:43:00.000000,Yes,ONT,13
2025-07-14 00:00:00,Fixed,08:30,XPR,12,0,20254846,not required,none,08:26:00.000000,Yes,ONT,-4
2025-07-14 00:00:00,Open_slot,15:00,ORK,24,0,20254577,180150030,Wrong IDN attached,12:50:00.000000,Yes,ONT,-130
2025-07-14 00:00:00,Fixed,11:00,RFT,2,111,20258166,CSS260639WZMC - 180152807,none,11:18:00.000000,Yes,ONT,18
2025-07-14 00:00:00,Open_slot,15:00,TAV,3,0,20251750,CSS260154WZMC-180152054 & CSS260614WZMC - 180157402,none,11:43:00.000000,Yes,ONT,-197
2025-07-14 00:00:00,Fixed,10:00,SGM,0,8,20256655,180150957 & 180159765 & 180155774,Pallet count differs from IDN,10:13:00.000000,Yes,ONT,13
2025-07-14 00:00:00,Fixed,14:00,KMB,9,31,20258072,No_IDN_provided,none,13:51:00.000000,Yes,ONT,-9
2025-07-15 00:00:00,Fixed,08:30,NRL,5,35,20250890,"180159506, 180152718, 180153777",idn doesnt match,07:16:00.000000,Yes,EARL,-74
2025-07-15 00:00:00,Fixed,10:30,EJN,13,0,20258544,180154298,none,10:37:00.000000,Yes,ONT,7
2025-07-15 00:00:00,Fixed,09:00,MDF,3,0,20253124,CSS260143WZMC-180153397,SKU on IDN not on PO,09:12:00.000000,Yes,ONT,12
2025-07-15 00:00:00,Open_slot,15:00,DLX,12,0,20258984,CSS260265WZMC - 180154327,short 1 pallet,12:44:00.000000,Yes,ONT,-136
2025-07-15 00:00:00,Fixed,08:30,TAV,6,0,20251961,"180154346, 180150997, 180155874, 180157300",none,09:20:00.000000,No,LATE_01,50
2025-07-15 00:00:00,Fixed,10:00,YTS,1,47,20255595,180155810,none,09:57:00.000000,Yes,ONT,-3
2025-07-16 00:00:00,Fixed,14:00,ZAK,0,106,20256055,180156183,none,14:08:00.000000,Yes,ONT,8
2025-07-16 00:00:00,Fixed,13:00,PVC,15,0,20251056,not required,none,12:56:00.000000,Yes,ONT,-4
2025-07-16 00:00:00,Open_slot,15:00,TAV,9,0,20259720,180150455,idn doesnt match,14:28:00.000000,Yes,ONT,-32
2025-07-16 00:00:00,Fixed,13:30,HCN,3,0,20259703,not required,none,15:22:00.000000,No,LATE_02,112
2025-07-16 00:00:00,Open_slot,15:00,EJN,5,0,20253445,CSS260748WZMC - 180152562,"pallet overhang, restacked",14:19:00.000000,Yes,ONT,-41
2025-07-16 00:00:00,Open_slot,15:00,XPR,7,0,20249517,CSS260492WZMC - 180157939  CSS260249WZMC-180153391  CSS260902WZMC - 180157743,No paperwork with driver,10:07:00.000000,Yes,ONT,-293
2025-07-16 00:00:00,Fixed,07:00,NRL,9,28,20253190,CSS260617WZMC – 180155731,none,07:12:00.000000,Yes,ONT,12
2025-07-16 00:00:00,Fixed,06:30,BRV,3,31,20255469,180157197 & 180159701 & 180150476 & 180156639,none,06:29:00.000000,Yes,ONT,-1
2025-07-17 00:00:00,Open_slot,15:00,ZAK,4,0,20243510,CSS260062WZMC - 180155764,none,11:10:00.000000,Yes,ONT,-230
2025-07-17 00:00:00,Fixed,09:00,TAV,8,36,20256407,CSS260421WZMC - 180157235,"pallet overhang, restacked",08:48:00.000000,Yes,ONT,-12
2025-07-17 00:00:00,Fixed,09:00,MDF,4,0,20254840,"CSS260657WZMC - 180152450
CSS260552WZMC - 180159942
CSS260398WZMC – 180155779
180159717",Wrong IDN attached,08:52:00.000000,Yes,ONT,-8
2025-07-17 00:00:00,Fixed,06:30,WDH,11,0,20258274,IDN NOT REQUIRED,none,06:12:00.000000,Yes,ONT,-18
2025-07-17 00:00:00,Open_slot,15:00,LUM,2,0,20259590,180155813,missing labels,08:13:00.000000,Yes,ONT,-407
2025-07-17 00:00:00,Fixed,12:30,GWL,19,14,20252671,180159752,IDN illegible,12:46:00.000000,Yes,ONT,16
2025-07-17 00:00:00,Fixed,10:00,KMB,5,0,20245390,CSS260335WZMC 180151861  CSS260811WZMC 180158355,Over-delivered vs IDN,09:56:00.000000,Yes,ONT,-4
2025-07-18 00:00:00,unscheduled,,WDH,17,0,20255572,180157999,Wrong IDN attached,12:17:00.000000,No,NSCH,
2025-07-18 00:00:00,Fixed,09:00,ZAK,2,73,20254700,180157927 & 180156935 & 180159767,Damaged pallet - noted on IDN,10:53:00.000000,No,LATE_02,113
2025-07-18 00:00:00,Fixed,14:00,KMB,13,32,20255644,CSS260112WZMC 180150050,none,14:15:00.000000,Yes,ONT,15
2025-07-18 00:00:00,Fixed,12:30,GWL,22,0,20255728,IDN not required,none,12:52:00.000000,Yes,ONT,22
2025-07-18 00:00:00,Fixed,14:00,TAV,7,0,20251545,180150821,none,14:13:00.000000,Yes,ONT,13
2025-07-18 00:00:00,Open_slot,15:00,DLX,1,80,20258284,"CSS260208WZMC - 180155775, CSS260624WZMC – 180151783, CSS260657WZMC – 180157729",none,12:15:00.000000,Yes,ONT,-165
2025-07-18 00:00:00,Open_slot,15:00,SBK,24,14,20253980,No_IDN_provided,IDN missing on arrival,15:50:00.000000,No,LATE_01,50
2025-07-18 00:00:00,Open_slot,15:00,JHT,2,0,20253156,180154673,IDN illegible,08:13:00.000000,Yes,ONT,-407
2025-07-21 00:00:00,Fixed,08:30,XPR,9,0,20250947,n/a - not req,none,08:44:00.000000,Yes,ONT,14
2025-07-21 00:00:00,Open_slot,15:00,QMS,7,0,20240758,CSS260345WZMC - 180153007,Damaged pallet - noted on IDN,13:05:00.000000,Yes,ONT,-115
2025-07-21 00:00:00,Open_slot,15:00,HCN,1,0,20252585,CSS260733WZMC – 180157117,none,17:42:00.000000,No,LATE_02,162
2025-07-21 00:00:00,Fixed,06:00,NRL,10,0,20256890,CSS260577WZMC - 180152110,Chased vendor for IDN,05:53:00.000000,Yes,ONT,-7
2025-07-21 00:00:00,Fixed,06:00,TAV,6,0,20267008,No_IDN_provided,none,Not_arrived,No,LATE_03,
2025-07-21 00:00:00,Open_slot,15:00,NHP,2,110,20259763,No_IDN_provided,none,Not_arrived,No,LATE_03,
2025-07-21 00:00:00,Fixed,06:00,CWX,8,0,20258684,CSS260723WZMC – 180159742,SKU on IDN not on PO,05:46:00.000000,Yes,ONT,-14
2025-07-22 00:00:00,Open_slot,15:00,DLX,12,36,20258464,CSS260560WZMC - 180156613,Mixed SKUs on pallet,13:31:00.000000,Yes,ONT,-89
2025-07-22 00:00:00,Fixed,10:00,ZAK,2,0,20253006,180151567 / 180159894 / 180152005,idn doesnt match,10:17:00.000000,Yes,ONT,17
2025-07-22 00:00:00,Fixed,12:30,GWL,17,7,20258161,180154977,none,11:54:00.000000,Yes,EARL,-36
2025-07-22 00:00:00,Open_slot,15:00,QMS,1,103,20251389,180159306,IDN qty wrong,12:43:00.000000,Yes,ONT,-137
2025-07-22 00:00:00,Fixed,07:00,TAV,9,0,20251938,CSS260206WZMC 180154005  CSS260863WZMC-180150783,missing labels,06:55:00.000000,Yes,ONT,-5
2025-07-22 00:00:00,Open_slot,15:00,PLZ,1,5,20250345,180159109,none,08:10:00.000000,Yes,ONT,-410
2025-07-22 00:00:00,Open_slot,15:00,NHP,3,0,20258430,"CSS260773WZMC – 180156901
CSS260798WZMC – 180157225
CSS260617WZMC – 180159752",none,16:31:00.000000,No,LATE_02,91
2025-07-23 00:00:00,Fixed,13:30,HCN,7,0,20250869,"180154909, 180153159, 180156225, 180158929",Damaged pallet - noted on IDN,14:25:00.000000,No,LATE_01,55
2025-07-23 00:00:00,Fixed,13:00,PVC,19,0,20248558,"180158733
180156223
180158179",IDN - PO no. missing,12:58:00.000000,Yes,ONT,-2
2025-07-23 00:00:00,Open_slot,15:00,XPR,6,0,20253118,CSS260711WZMC - 180152113,none,12:47:00.000000,Yes,ONT,-133
2025-07-23 00:00:00,Open_slot,15:00,SBK,17,0,20251923,"CSS260174WZMC – 180158399
CSS260762WZMC – 180152924
CSS260776WZMC - 180156494",none,14:02:00.000000,Yes,ONT,-58
2025-07-23 00:00:00,Fixed,14:00,ZAK,1,13,20254460,180156184,none,13:56:00.000000,Yes,ONT,-4
2025-07-23 00:00:00,Fixed,08:30,KMB,9,23,20258576,No_IDN_provided,No IDN provided,08:22:00.000000,Yes,ONT,-8
2025-07-23 00:00:00,Fixed,06:30,ADL,12,0,20258693,IDN not required,wrong SKU delivered,10:29:00.000000,No,LATE_02,239
2025-07-23 00:00:00,Open_slot,15:00,RFT,1,65,20267510,180153853,none,14:12:00.000000,Yes,ONT,-48
2025-07-24 00:00:00,Fixed,09:00,SGM,22,9,20259365,180156237 / 180158289,missing labels,08:48:00.000000,Yes,ONT,-12
2025-07-24 00:00:00,Fixed,08:00,ORK,19,21,20256497,CSS260861WZMC-180154840,none,08:32:00.000000,No,LATE_01,32
2025-07-24 00:00:00,Fixed,10:30,LUM,2,68,20256589,IDN not required,Wrong IDN attached,10:39:00.000000,Yes,ONT,9
2025-07-24 00:00:00,Open_slot,15:00,KMB,9,0,20253332,180156148,none,13:37:00.000000,Yes,ONT,-83
2025-07-24 00:00:00,Fixed,09:00,MDF,2,25,20254969,No_IDN_provided,IDN missing on arrival,08:58:00.000000,Yes,ONT,-2
2025-07-24 00:00:00,Fixed,12:00,TAV,11,30,20252921,180152011,none,10:34:00.000000,Yes,EARL,-86
2025-07-25 00:00:00,Fixed,12:30,GWL,17,21,20259206,CSS260954WZMC – 180159939,Chased vendor for IDN,12:35:00.000000,Yes,ONT,5
2025-07-25 00:00:00,Open_slot,15:00,VRT,4,0,20259215,CSS260045WZMC-180157683,none,12:38:00.000000,Yes,ONT,-142
2025-07-25 00:00:00,Open_slot,15:00,DLX,14,0,20256732,No_IDN_provided,none,15:02:00.000000,Yes,ONT,2
2025-07-25 00:00:00,Open_slot,15:00,PLZ,4,0,20251702,180157106 & 180159708,short 1 pallet,12:00:00.000000,Yes,ONT,-180
2025-07-25 00:00:00,Open_slot,15:00,RFT,1,88,20256945,CSS260459WZMC 180159360,none,11:29:00.000000,Yes,ONT,-211
2025-07-25 00:00:00,Fixed,10:30,EJN,10,0,20256459,n/a - not req,none,10:17:00.000000,Yes,ONT,-13
2025-07-28 00:00:00,Fixed,12:30,TAV,3,0,20252395,CSS260084WZMC-180154001,none,12:31:00.000000,Yes,ONT,1
2025-07-28 00:00:00,Fixed,08:30,XPR,5,0,20258211,180159562,none,08:40:00.000000,Yes,ONT,10
2025-07-28 00:00:00,Fixed,06:00,NRL,9,0,20257254,CSS260872WZMC-180154615,IDN qty wrong,06:42:00.000000,No,LATE_01,42
2025-07-28 00:00:00,Fixed,12:30,GWL,26,23,20255146,CSS260884WZMC-180153485,short 1 pallet,12:23:00.000000,Yes,ONT,-7
2025-07-28 00:00:00,Open_slot,15:00,ADL,13,31,20255984,"CSS260558WZMC - 180153861, CSS260542WZMC - 180158817, 180159218",none,10:06:00.000000,Yes,ONT,-294
2025-07-28 00:00:00,Fixed,08:00,ZAK,4,14,20254393,180159537,none,08:13:00.000000,Yes,ONT,13
2025-07-28 00:00:00,Open_slot,15:00,LUM,1,0,20263965,180153817,none,10:45:00.000000,Yes,ONT,-255
2025-07-28 00:00:00,Fixed,06:00,CWX,2,0,20258595,No_IDN_provided,none,06:08:00.000000,Yes,ONT,8
2025-07-29 00:00:00,Fixed,11:00,SGM,9,0,20256983,CSS260952WZMC 180153898,wrong SKU delivered,11:20:00.000000,Yes,ONT,20
2025-07-29 00:00:00,Fixed,10:30,EJN,7,0,20255168,No_IDN_provided,no idn with driver,10:20:00.000000,Yes,ONT,-10
2025-07-29 00:00:00,Fixed,12:00,NRL,4,0,20258889,180153935,Mixed SKUs on pallet,14:13:00.000000,No,LATE_02,133
2025-07-29 00:00:00,Open_slot,15:00,DLX,1,20,20253553,CSS260672WZMC - 180152353,short 1 pallet,13:22:00.000000,Yes,ONT,-98
2025-07-29 00:00:00,Fixed,07:00,ZAK,2,54,20248122,180155423 / 180153600 / 180151837,none,07:07:00.000000,Yes,ONT,7
2025-07-29 00:00:00,Fixed,12:30,GWL,19,0,20258032,IDN not required,none,12:21:00.000000,Yes,ONT,-9
2025-07-29 00:00:00,Fixed,10:30,WDH,19,31,20259046,180150682,none,10:30:00.000000,Yes,ONT,0
2025-07-30 00:00:00,Fixed,13:00,PVC,22,0,20259990,180155103,Over-delivered vs IDN,13:02:00.000000,Yes,ONT,2
2025-07-30 00:00:00,Open_slot,15:00,ADL,12,0,20256739,No_IDN_provided,IDN missing on arrival,11:03:00.000000,Yes,ONT,-237
2025-07-30 00:00:00,Fixed,07:00,WDH,14,24,20257603,180151896,Over-delivered vs IDN,07:03:00.000000,Yes,ONT,3
2025-07-30 00:00:00,Open_slot,15:00,EJN,5,0,20256300,CSS260973WZMC - 180159949,short 1 pallet,13:59:00.000000,Yes,ONT,-61
2025-07-30 00:00:00,Open_slot,15:00,BOS,5,0,20255231,not required,none,11:27:00.000000,Yes,ONT,-213
2025-07-30 00:00:00,Open_slot,15:00,XPR,13,13,20252094,No_IDN_provided,none,Not_arrived,No,LATE_03,
2025-07-31 00:00:00,Open_slot,15:00,LUM,0,8,20252063,not required,none,12:12:00.000000,Yes,ONT,-168
2025-07-31 00:00:00,Fixed,13:00,TAV,6,12,20252420,"CSS260608WZMC 180150228
CSS260702WZMC - 180159264
180157096",none,13:00:00.000000,Yes,ONT,0
2025-07-31 00:00:00,Fixed,12:30,GWL,14,0,20259123,CSS260717WZMC - 180152835,none,12:16:00.000000,Yes,ONT,-14
2025-07-31 00:00:00,Open_slot,15:00,KMB,17,0,20262182,180152396,Over-delivered vs IDN,08:43:00.000000,Yes,ONT,-377
2025-07-31 00:00:00,Fixed,12:00,ZAK,1,52,20253257,CSS260000WZMC - 180156887  CSS260115WZMC-180156886,none,12:17:00.000000,Yes,ONT,17
2025-07-31 00:00:00,Fixed,12:00,SGM,1,64,20252356,CSS260222WZMC-180158210,Carton qty short vs IDN,11:53:00.000000,Yes,ONT,-7
2025-07-31 00:00:00,Fixed,09:00,MDF,5,0,20259252,No_IDN_provided,no idn with driver,08:53:00.000000,Yes,ONT,-7
2025-07-31 00:00:00,Fixed,11:00,RFT,2,63,20259444,No_IDN_provided,IDN missing on arrival,14:12:00.000000,No,LATE_02,192
2025-08-01 00:00:00,Open_slot,15:00,ZAK,0,98,20248301,180157442 / 180152010 / 180154507 / 180157740,2 IDNs for 1 delivery,11:39:00.000000,Yes,ONT,-201
2025-08-01 00:00:00,Fixed,07:00,MDF,2,29,20251479,180154505,Mixed SKUs on pallet,07:07:00.000000,Yes,ONT,7
2025-08-01 00:00:00,Fixed,07:00,WDH,31,24,20251470,"180156260
180153504",none,06:17:00.000000,Yes,EARL,-43
2025-08-01 00:00:00,Fixed,12:30,GWL,26,4,20259698,CSS260663WZMC - 180158053,Pallet count differs from IDN,13:00:00.000000,Yes,ONT,30
2025-08-01 00:00:00,Fixed,06:00,KMB,8,0,20256264,180159831,missing labels,06:03:00.000000,Yes,ONT,3
2025-08-01 00:00:00,Fixed,10:00,TAV,6,0,20250160,CSS260183WZMC - 180159358,Damaged pallet - noted on IDN,10:02:00.000000,Yes,ONT,2
2025-08-01 00:00:00,Fixed,14:00,CWX,6,0,20257096,CSS260088WZMC - 180159073,IDN illegible,14:11:00.000000,Yes,ONT,11
2025-08-04 00:00:00,Fixed,08:30,XPR,6,0,20252526,CSS260775WZMC - 180156982,SKU on IDN not on PO,08:49:00.000000,Yes,ONT,19
2025-08-04 00:00:00,Fixed,06:30,ADL,12,0,20240943,CSS260490WZMC – 180157771  CSS260522WZMC 180159870  CSS260424WZMC-180154498,none,06:26:00.000000,Yes,ONT,-4
2025-08-04 00:00:00,Open_slot,15:00,LUM,6,0,20250841,No_IDN_provided,No IDN provided,09:14:00.000000,Yes,ONT,-346
2025-08-04 00:00:00,Fixed,08:30,WDH,26,0,20254746,CSS260781WZMC - 180156611,IDN sent late by vendor,08:16:00.000000,Yes,ONT,-14
2025-08-04 00:00:00,Open_slot,15:00,TAV,15,0,20258022,not required,none,08:20:00.000000,Yes,ONT,-400
2025-08-04 00:00:00,Open_slot,15:00,DLX,1,69,20258383,180159133,none,06:10:00.000000,Yes,EARL,-530
2025-08-05 00:00:00,Fixed,10:30,EJN,8,7,20259617,CSS260773WZMC - 180155573,SKU on IDN not on PO,10:33:00.000000,Yes,ONT,3
2025-08-05 00:00:00,Fixed,09:00,MDF,2,0,20252954,CSS260917WZMC – 180155264,none,10:16:00.000000,No,LATE_02,76
2025-08-05 00:00:00,Fixed,13:30,NRL,5,3,20259593,No_IDN_provided,IDN missing on arrival,14:10:00.000000,No,LATE_01,40
2025-08-05 00:00:00,Open_slot,15:00,DLX,17,0,20258674,180158457,none,06:52:00.000000,Yes,EARL,-488
2025-08-05 00:00:00,Open_slot,15:00,ZAK,0,108,20252256,180154128,2 IDNs for 1 delivery,15:52:00.000000,No,LATE_01,52
2025-08-05 00:00:00,Fixed,09:30,WDH,17,0,20264431,180157233  180155469  180156835,none,09:27:00.000000,Yes,ONT,-3
2025-08-05 00:00:00,Open_slot,15:00,KTR,1,96,20253420,180155804,none,12:43:00.000000,Yes,ONT,-137
2025-08-05 00:00:00,Open_slot,15:00,LUM,1,94,20268795,180150922 & 180154481,none,08:27:00.000000,Yes,ONT,-393
2025-08-06 00:00:00,Open_slot,15:00,HCN,6,12,20259595,180158872  180154347  180155875  180152001,none,09:59:00.000000,Yes,ONT,-301
2025-08-06 00:00:00,Fixed,06:30,ADL,9,0,20253988,CSS260484WZMC – 180153577,IDN qty wrong,06:43:00.000000,Yes,ONT,13
2025-08-06 00:00:00,Fixed,10:00,TAV,12,0,20255864,CSS260551WZMC - 180159631,none,10:13:00.000000,Yes,ONT,13
2025-08-06 00:00:00,Open_slot,15:00,RFT,18,0,20252564,180158597,none,10:25:00.000000,Yes,ONT,-275
2025-08-06 00:00:00,Fixed,06:30,CWX,9,0,20253943,"CSS260652WZMC 180152361
CSS260200WZMC - 180150247
CSS260037WZMC - 180155915
180159533",none,06:44:00.000000,Yes,ONT,14
2025-08-06 00:00:00,Fixed,08:30,XPR,8,31,20256326,No_IDN_provided,No IDN provided,08:19:00.000000,Yes,ONT,-11
2025-08-06 00:00:00,Fixed,12:00,MDF,1,0,20251734,CSS260802WZMC - 180152366  CSS260932WZMC - 180157561,IDN illegible,11:59:00.000000,Yes,ONT,-1
2025-08-07 00:00:00,Open_slot,15:00,ZAK,0,78,20256660,"CSS260037WZMC 180159412, CSS260532WZMC - 180153426, CSS260113WZMC - 180153774",none,14:00:00.000000,Yes,ONT,-60
2025-08-07 00:00:00,Open_slot,15:00,DLX,2,42,20250511,CSS260342WZMC - 180154930,none,13:34:00.000000,Yes,ONT,-86
2025-08-07 00:00:00,Fixed,10:30,QMS,12,24,20259506,180159775 / 180155524 / 180155907 / 180154095,none,10:15:00.000000,Yes,ONT,-15
2025-08-07 00:00:00,Open_slot,15:00,KTR,14,0,20249815,CSS260684WZMC-180155415,idn doesnt match,13:59:00.000000,Yes,ONT,-61
2025-08-07 00:00:00,Fixed,08:00,NRL,8,0,20257877,CSS260174WZMC - 180150976,none,07:58:00.000000,Yes,ONT,-2
2025-08-07 00:00:00,Fixed,10:30,TGE,16,0,20256679,CSS260838WZMC 180150666,none,10:50:00.000000,Yes,ONT,20
2025-08-08 00:00:00,Fixed,13:30,SGM,28,0,20253725,CSS260847WZMC - 180152037,SKU on IDN not on PO,13:00:00.000000,Yes,ONT,-30
2025-08-08 00:00:00,Fixed,06:30,ADL,14,31,20257585,No_IDN_provided,IDN missing on arrival,06:35:00.000000,Yes,ONT,5
2025-08-08 00:00:00,Open_slot,15:00,VRT,5,5,20253009,180150919,none,09:57:00.000000,Yes,ONT,-303
2025-08-08 00:00:00,Open_slot,15:00,KMB,13,0,20257249,180156694,Pallet count differs from IDN,08:16:00.000000,Yes,ONT,-404
2025-08-08 00:00:00,Fixed,12:30,GWL,19,13,20261818,CSS260074WZMC - 180151124  CSS260794WZMC – 180156325  CSS260519WZMC – 180157293,none,12:34:00.000000,Yes,ONT,4
2025-08-08 00:00:00,Open_slot,15:00,JHT,1,0,20255802,CSS260064WZMC - 180157091,none,08:50:00.000000,Yes,ONT,-370
2025-08-08 00:00:00,Fixed,13:00,NRL,9,14,20254280,No_IDN_provided,none,Not_arrived,No,LATE_03,
2025-08-08 00:00:00,Open_slot,15:00,PLZ,2,19,20254961,"CSS260036WZMC - 180152847
CSS260389WZMC - 180151407
180155721",No paperwork with driver,14:42:00.000000,Yes,ONT,-18
2025-08-11 00:00:00,Open_slot,15:00,SBK,26,23,20254290,180159408 & 180150419 & 180150374 & 180159653,none,16:42:00.000000,No,LATE_02,102
2025-08-11 00:00:00,Fixed,08:30,XPR,10,0,20251976,180150103,none,10:23:00.000000,No,LATE_02,113
2025-08-11 00:00:00,Fixed,10:00,KMB,10,0,20259890,IDN not required,none,09:58:00.000000,Yes,ONT,-2
2025-08-11 00:00:00,Fixed,07:30,NRL,10,13,20253723,180154452,none,07:23:00.000000,Yes,ONT,-7
2025-08-11 00:00:00,Fixed,08:30,BRV,7,0,20259610,"CSS260350WZMC – 180159447, CSS260840WZMC-180159920",Duplicate IDN,08:28:00.000000,Yes,ONT,-2
2025-08-11 00:00:00,Open_slot,15:00,LUM,3,19,20261214,"180151767, 180152813",none,13:28:00.000000,Yes,ONT,-92
2025-08-11 00:00:00,Fixed,10:30,QMS,0,89,20256662,n/a - not req,IDN illegible,10:37:00.000000,Yes,ONT,7
2025-08-12 00:00:00,Fixed,09:00,MDF,4,2,20252520,180155587 & 180159487 & 180150949 & 180152470,IDN qty wrong,09:07:00.000000,Yes,ONT,7
2025-08-12 00:00:00,Open_slot,15:00,NRL,8,7,20255925,180156131  180151832  180151309,none,12:02:00.000000,Yes,ONT,-178
2025-08-12 00:00:00,Open_slot,15:00,TAV,11,12,20257936,CSS260720WZMC - 180156520 & CSS260600WZMC – 180150598 & CSS260734WZMC 180153910,IDN qty wrong,17:06:00.000000,No,LATE_02,126
2025-08-12 00:00:00,unscheduled,,SGM,1,17,20259396,"CSS260133WZMC 180155350, CSS260630WZMC - 180151750",none,06:51:00.000000,No,NSCH,
2025-08-12 00:00:00,Open_slot,15:00,KTR,19,0,20250840,180159420,none,09:01:00.000000,Yes,ONT,-359
2025-08-12 00:00:00,Open_slot,15:00,DLX,14,0,20254681,No_IDN_provided,none,13:08:00.000000,Yes,ONT,-112
2025-08-12 00:00:00,Open_slot,15:00,YTS,0,18,20251636,CSS260789WZMC - 180159499,Chased vendor for IDN,09:58:00.000000,Yes,ONT,-302
2025-08-12 00:00:00,Open_slot,15:00,KMB,11,0,20252168,"180154195
180154909
180154578
180151684",Chased vendor for IDN,13:35:00.000000,Yes,ONT,-85
2025-08-13 00:00:00,Open_slot,15:00,HCN,7,35,20256566,180151885 & 180154800 & 180152122 & 180150220,none,10:32:00.000000,Yes,ONT,-268
2025-08-13 00:00:00,Open_slot,15:00,JHT,5,0,20252785,"180153555, 180156857, 180159634",none,11:25:00.000000,Yes,ONT,-215
2025-08-13 00:00:00,Open_slot,15:00,BOS,10,0,20259715,CSS260409WZMC 180155599,IDN not matching PO,14:56:00.000000,Yes,ONT,-4
2025-08-13 00:00:00,Open_slot,15:00,TGE,19,0,20251152,180150604,IDN sent late by vendor,06:07:00.000000,Yes,EARL,-533
2025-08-13 00:00:00,Fixed,10:00,SGM,1,114,20256384,180151739 / 180156334 / 180156427 / 180159099,wrong SKU delivered,09:38:00.000000,Yes,ONT,-22
2025-08-13 00:00:00,Fixed,08:30,XPR,10,0,20253264,180157085 & 180156431 & 180159035,IDN not matching PO,08:11:00.000000,Yes,ONT,-19
2025-08-13 00:00:00,Fixed,07:00,NRL,7,28,20253684,180150491,idn doesnt match,11:00:00.000000,No,LATE_02,240
2025-08-13 00:00:00,Open_slot,15:00,ADL,11,0,20256954,180153993,none,10:32:00.000000,Yes,ONT,-268
2025-08-14 00:00:00,Fixed,10:00,TAV,10,2,20251754,IDN not required,none,10:10:00.000000,Yes,ONT,10
2025-08-14 00:00:00,Fixed,08:00,ORK,21,0,20251823,180154016,none,08:08:00.000000,Yes,ONT,8
2025-08-14 00:00:00,Open_slot,15:00,LUM,1,82,20253498,180159637,Carton qty short vs IDN,10:25:00.000000,Yes,ONT,-275
2025-08-14 00:00:00,Open_slot,15:00,BOS,7,0,20256848,180158705,Pallet count differs from IDN,06:15:00.000000,Yes,EARL,-525
2025-08-14 00:00:00,Fixed,10:00,SGM,29,0,20252283,CSS260249WZMC - 180153372,Chased vendor for IDN,10:12:00.000000,Yes,ONT,12
2025-08-14 00:00:00,Fixed,09:00,MDF,3,0,20245066,180159623,none,08:53:00.000000,Yes,ONT,-7
2025-08-14 00:00:00,Fixed,12:30,GWL,15,0,20252586,CSS260691WZMC – 180157622,Damaged pallet - noted on IDN,12:43:00.000000,Yes,ONT,13
2025-08-15 00:00:00,Fixed,12:30,GWL,29,0,20249134,180156982,Over-delivered vs IDN,12:31:00.000000,Yes,ONT,1
2025-08-15 00:00:00,Fixed,13:00,NHP,1,63,20255717,180155035,Duplicate IDN,14:34:00.000000,No,LATE_02,94
2025-08-15 00:00:00,Fixed,06:30,WDH,14,0,20258075,CSS260463WZMC 180156599,SKU on IDN not on PO,06:34:00.000000,Yes,ONT,4
2025-08-15 00:00:00,Open_slot,15:00,KMB,9,0,20251565,CSS260266WZMC-180156000,IDN sent late by vendor,12:11:00.000000,Yes,ONT,-169
2025-08-15 00:00:00,Fixed,09:30,PLZ,3,0,20247934,180152769,none,09:46:00.000000,Yes,ONT,16
2025-08-15 00:00:00,Open_slot,15:00,XPR,4,23,20258392,180150052,none,08:25:00.000000,Yes,ONT,-395
2025-08-18 00:00:00,Fixed,09:30,ZAK,0,15,20252149,No_IDN_provided,none,Not_arrived,No,LATE_03,
2025-08-18 00:00:00,Fixed,07:30,TAV,8,0,20254022,"CSS260615WZMC-180150556
CSS260003WZMC 180156951
CSS260125WZMC – 180152463
180157130",IDN illegible,07:30:00.000000,Yes,ONT,0
2025-08-18 00:00:00,Fixed,08:30,XPR,9,0,20259949,CSS260457WZMC - 180155234,"pallet overhang, restacked",08:31:00.000000,Yes,ONT,1
2025-08-18 00:00:00,Fixed,12:00,KMB,8,0,20267487,180152100,missing labels,11:35:00.000000,Yes,ONT,-25
2025-08-18 00:00:00,Open_slot,15:00,MDF,4,0,20265473,No_IDN_provided,none,06:51:00.000000,Yes,EARL,-489
2025-08-18 00:00:00,Fixed,12:00,CWX,6,0,20256138,CSS260015WZMC 180152126,none,11:54:00.000000,Yes,ONT,-6
2025-08-19 00:00:00,Fixed,09:00,MDF,1,0,20250558,CSS260695WZMC – 180153865  CSS260526WZMC 180155548  CSS260835WZMC 180158175  180157540,Carton qty short vs IDN,08:49:00.000000,Yes,ONT,-11
2025-08-19 00:00:00,Open_slot,15:00,SBK,22,8,20254850,180155613,idn doesnt match,14:12:00.000000,Yes,ONT,-48
2025-08-19 00:00:00,Open_slot,15:00,DLX,0,82,20250722,CSS260166WZMC-180156560,"pallet overhang, restacked",14:10:00.000000,Yes,ONT,-50
2025-08-19 00:00:00,Open_slot,15:00,NRL,6,0,20254037,not required,none,16:53:00.000000,No,LATE_02,113
2025-08-19 00:00:00,Open_slot,15:00,VRT,7,0,20253751,IDN not required,none,15:50:00.000000,No,LATE_01,50
2025-08-19 00:00:00,Fixed,08:00,ORK,18,0,20255656,CSS260689WZMC – 180153937,2 IDNs for 1 delivery,07:30:00.000000,Yes,ONT,-30
2025-08-19 00:00:00,Open_slot,15:00,RFT,28,25,20255952,CSS260360WZMC - 180157859 / CSS260508WZMC – 180151541,wrong SKU delivered,16:56:00.000000,No,LATE_02,116
2025-08-19 00:00:00,Fixed,09:30,PLZ,8,0,20253256,CSS260091WZMC – 180153196,Mixed SKUs on pallet,09:30:00.000000,Yes,ONT,0
2025-08-20 00:00:00,Fixed,13:00,PVC,14,0,20255521,No_IDN_provided,no idn with driver,13:02:00.000000,Yes,ONT,2
2025-08-20 00:00:00,Fixed,06:30,ADL,16,0,20256392,"CSS260010WZMC – 180152027, CSS260422WZMC 180155175, 180150136",none,06:25:00.000000,Yes,ONT,-5
2025-08-20 00:00:00,Open_slot,15:00,HCN,3,23,20254675,CSS260623WZMC - 180155319,none,08:08:00.000000,Yes,ONT,-412
2025-08-20 00:00:00,Open_slot,15:00,RFT,29,15,20254322,180157213 / 180155621,none,11:48:00.000000,Yes,ONT,-192
2025-08-20 00:00:00,Open_slot,15:00,ZAK,5,0,20251777,CSS260142WZMC – 180159725,none,14:33:00.000000,Yes,ONT,-27
2025-08-20 00:00:00,Fixed,09:00,NRL,10,28,20250339,180156681,none,09:08:00.000000,Yes,ONT,8
2025-08-20 00:00:00,Fixed,11:00,CWX,6,0,20250289,180152593 / 180153390,Over-delivered vs IDN,10:48:00.000000,Yes,ONT,-12
2025-08-21 00:00:00,Fixed,06:30,ADL,13,0,20259989,180159836,missing labels,06:37:00.000000,Yes,ONT,7
2025-08-21 00:00:00,Fixed,11:30,LUM,0,58,20255835,No_IDN_provided,No IDN provided,13:17:00.000000,No,LATE_02,107
2025-08-21 00:00:00,Fixed,10:30,TAV,10,25,20253152,180156034,IDN - PO no. missing,10:06:00.000000,Yes,ONT,-24
2025-08-21 00:00:00,Fixed,11:00,NRL,6,0,20259398,No_IDN_provided,none,Not_arrived,No,LATE_03,
2025-08-21 00:00:00,Fixed,13:30,HCN,1,0,20256015,CSS260943WZMC – 180154738,none,13:49:00.000000,Yes,ONT,19
2025-08-21 00:00:00,Fixed,12:30,GWL,19,0,20259358,180152345,Damaged pallet - noted on IDN,12:56:00.000000,Yes,ONT,26
2025-08-21 00:00:00,Fixed,10:30,BRV,7,0,20244012,180152072,missing labels,10:26:00.000000,Yes,ONT,-4
2025-08-21 00:00:00,Open_slot,15:00,KTR,0,100,20257111,180152516,none,13:08:00.000000,Yes,ONT,-112
2025-08-22 00:00:00,Open_slot,15:00,SBK,24,0,20255349,CSS260607WZMC – 180154152,none,13:49:00.000000,Yes,ONT,-71
2025-08-22 00:00:00,Open_slot,15:00,JHT,2,32,20257582,CSS260982WZMC-180156231,idn doesnt match,13:21:00.000000,Yes,ONT,-99
2025-08-22 00:00:00,Fixed,08:30,XPR,2,0,20255330,No_IDN_provided,none,Not_arrived,No,LATE_03,
2025-08-22 00:00:00,Fixed,13:00,NHP,0,50,20258252,"180152952
180156197
180150300
180159525",none,14:29:00.000000,No,LATE_02,89
2025-08-22 00:00:00,Fixed,12:30,GWL,24,0,20255428,CSS260574WZMC - 180152488,none,12:24:00.000000,Yes,ONT,-6
2025-08-22 00:00:00,Fixed,10:00,NRL,11,0,20256422,180158687,none,09:48:00.000000,Yes,ONT,-12
2025-08-22 00:00:00,Fixed,08:00,SGM,2,82,20254763,180154170,none,07:52:00.000000,Yes,ONT,-8
2025-08-25 00:00:00,Fixed,06:00,CWX,5,0,20255502,CSS260292WZMC - 180159830,none,05:45:00.000000,Yes,ONT,-15
2025-08-25 00:00:00,Fixed,07:30,ZAK,1,29,20251321,180158084,none,07:28:00.000000,Yes,ONT,-2
2025-08-25 00:00:00,Fixed,13:30,TAV,7,0,20251365,No_IDN_provided,none,12:18:00.000000,Yes,EARL,-72
2025-08-25 00:00:00,Fixed,10:30,WDH,19,8,20253649,"180158068
180152145
180152793
180155806",none,10:26:00.000000,Yes,ONT,-4
2025-08-25 00:00:00,Open_slot,15:00,KMB,5,0,20251309,CSS260410WZMC – 180153546,none,07:41:00.000000,Yes,ONT,-439
2025-08-25 00:00:00,Open_slot,15:00,SBK,21,0,20255172,180150862,none,08:31:00.000000,Yes,ONT,-389
2025-08-26 00:00:00,Open_slot,15:00,DLX,2,18,20257658,180156286,none,09:09:00.000000,Yes,ONT,-351
2025-08-26 00:00:00,Fixed,13:30,YTS,2,24,20256837,CSS260872WZMC – 180150903,none,13:39:00.000000,Yes,ONT,9
2025-08-26 00:00:00,Fixed,08:30,BRV,8,0,20268336,CSS260484WZMC - 180156270,none,09:38:00.000000,No,LATE_02,68
2025-08-26 00:00:00,Open_slot,15:00,VRT,5,24,20259758,"CSS260108WZMC - 180157100, CSS260453WZMC - 180159069, CSS260861WZMC 180154260, 180154389",none,14:14:00.000000,Yes,ONT,-46
2025-08-26 00:00:00,Open_slot,15:00,MDF,4,0,20244964,CSS260255WZMC - 180158465,Pallet count differs from IDN,09:31:00.000000,Yes,ONT,-329
2025-08-26 00:00:00,Open_slot,15:00,WDH,21,0,20253665,"180156586
180152345
180154055",none,11:29:00.000000,Yes,ONT,-211
2025-08-27 00:00:00,Open_slot,15:00,JHT,1,0,20256106,180151884 / 180153262,none,09:08:00.000000,Yes,ONT,-352
2025-08-27 00:00:00,Fixed,06:30,ADL,20,38,20254682,CSS260307WZMC - 180159890,2 IDNs for 1 delivery,06:34:00.000000,Yes,ONT,4
2025-08-27 00:00:00,Fixed,10:30,PLZ,6,0,20257091,180159809,Chased vendor for IDN,10:18:00.000000,Yes,ONT,-12
2025-08-27 00:00:00,Fixed,06:30,TAV,10,0,20255874,CSS260970WZMC-180158553,short 1 pallet,06:35:00.000000,Yes,ONT,5
2025-08-27 00:00:00,Fixed,08:30,KMB,3,0,20258929,180153254,none,08:26:00.000000,Yes,ONT,-4
2025-08-27 00:00:00,Open_slot,15:00,XPR,11,0,20258813,CSS260545WZMC - 180157705,IDN - PO no. missing,09:53:00.000000,Yes,ONT,-307
2025-08-27 00:00:00,Open_slot,15:00,ORK,27,0,20251242,CSS260988WZMC - 180151099,Duplicate IDN,08:31:00.000000,Yes,ONT,-389
2025-08-28 00:00:00,Fixed,09:00,MDF,4,0,20259302,CSS260038WZMC 180153701,none,08:55:00.000000,Yes,ONT,-5
2025-08-28 00:00:00,Open_slot,15:00,TAV,6,33,20250811,No_IDN_provided,no idn with driver,08:01:00.000000,Yes,ONT,-419
2025-08-28 00:00:00,Fixed,12:30,GWL,18,0,20258131,CSS260319WZMC-180152179,none,12:21:00.000000,Yes,ONT,-9
2025-08-28 00:00:00,Open_slot,15:00,ORK,13,0,20252502,180155432,Over-delivered vs IDN,10:52:00.000000,Yes,ONT,-248
2025-08-28 00:00:00,unscheduled,,TGE,14,0,20256514,IDN NOT REQUIRED,none,11:01:00.000000,No,NSCH,
2025-08-28 00:00:00,Open_slot,15:00,ZAK,7,18,20252492,CSS260160WZMC - 180156262,none,16:25:00.000000,No,LATE_02,85
2025-08-28 00:00:00,Fixed,08:00,NRL,5,0,20259112,"180151662
180154073",none,08:06:00.000000,Yes,ONT,6
2025-08-29 00:00:00,Fixed,10:30,TGE,21,21,20251793,No_IDN_provided,none,10:33:00.000000,Yes,ONT,3
2025-08-29 00:00:00,Fixed,12:30,CWX,6,18,20255351,not required,none,12:08:00.000000,Yes,ONT,-22
2025-08-29 00:00:00,Fixed,12:30,GWL,16,0,20252254,180156350,none,12:34:00.000000,Yes,ONT,4
2025-08-29 00:00:00,Open_slot,15:00,VRT,3,0,20255932,"180159990
180150234
180150160
180153908",Pallet count differs from IDN,12:23:00.000000,Yes,ONT,-157
2025-08-29 00:00:00,Open_slot,15:00,JHT,1,13,20256534,"CSS260416WZMC – 180156880, CSS260903WZMC 180151083, CSS260796WZMC - 180159676, 180152766",Mixed SKUs on pallet,08:54:00.000000,Yes,ONT,-366
2025-08-29 00:00:00,Open_slot,15:00,KMB,8,0,20258829,CSS260191WZMC - 180151903,No paperwork with driver,11:37:00.000000,Yes,ONT,-203
2025-08-29 00:00:00,Open_slot,15:00,DLX,10,0,20252329,CSS260853WZMC - 180155400,none,10:51:00.000000,Yes,ONT,-249
2025-08-29 00:00:00,Fixed,09:00,WDH,13,0,20250989,CSS260362WZMC - 180156449,none,09:01:00.000000,Yes,ONT,1
2025-09-01 00:00:00,Fixed,13:30,TAV,9,0,20256081,CSS260426WZMC – 180159021,Duplicate IDN,12:06:00.000000,Yes,EARL,-84
2025-09-01 00:00:00,Fixed,06:30,ADL,14,0,20250675,180158838,none,06:38:00.000000,Yes,ONT,8
2025-09-01 00:00:00,Fixed,08:30,XPR,10,9,20256808,CSS260670WZMC - 180154618,idn doesnt match,08:16:00.000000,Yes,ONT,-14
2025-09-01 00:00:00,Open_slot,15:00,ORK,15,0,20252114,CSS260475WZMC - 180158496 & CSS260283WZMC - 180150194 & CSS260457WZMC 180151658,none,11:22:00.000000,Yes,ONT,-218
2025-09-01 00:00:00,Fixed,12:30,BRV,9,0,20255953,180159463,No paperwork with driver,12:25:00.000000,Yes,ONT,-5
2025-09-01 00:00:00,Open_slot,15:00,FNB,1,38,20253323,CSS260019WZMC - 180157866 / CSS260781WZMC - 180159629 / CSS260892WZMC 180154739,Wrong IDN attached,08:11:00.000000,Yes,ONT,-409
2025-09-02 00:00:00,Fixed,09:00,MDF,2,0,20259783,CSS260810WZMC 180155821,Wrong IDN attached,08:43:00.000000,Yes,ONT,-17
2025-09-02 00:00:00,Fixed,10:30,TGE,11,0,20254106,No_IDN_provided,none,10:38:00.000000,Yes,ONT,8
2025-09-02 00:00:00,Open_slot,15:00,DLX,2,101,20261089,180157881,2 IDNs for 1 delivery,08:12:00.000000,Yes,ONT,-408
2025-09-02 00:00:00,Open_slot,15:00,VRT,3,0,20254842,"180157978
180155236
180156751",none,12:49:00.000000,Yes,ONT,-131
2025-09-02 00:00:00,Open_slot,15:00,KMB,3,14,20255848,180154178,Mixed SKUs on pallet,10:49:00.000000,Yes,ONT,-251
2025-09-02 00:00:00,Open_slot,15:00,KTR,0,100,20258840,CSS260364WZMC 180157332,none,08:55:00.000000,Yes,ONT,-365
2025-09-02 00:00:00,Fixed,13:30,NRL,9,0,20255360,No_IDN_provided,none,Not_arrived,No,LATE_03,
2025-09-02 00:00:00,Fixed,13:30,YTS,0,111,20253103,CSS260144WZMC-180157518,none,13:22:00.000000,Yes,ONT,-8
2025-09-03 00:00:00,Fixed,08:00,ORK,27,0,20269449,CSS260873WZMC 180158485,none,08:08:00.000000,Yes,ONT,8
2025-09-03 00:00:00,Fixed,06:30,ADL,16,0,20253847,CSS260449WZMC 180153565,none,06:26:00.000000,Yes,ONT,-4
2025-09-03 00:00:00,Open_slot,15:00,JHT,1,25,20258401,180154540,none,13:11:00.000000,Yes,ONT,-109
2025-09-03 00:00:00,Open_slot,15:00,HCN,2,0,20250856,180158393,none,08:31:00.000000,Yes,ONT,-389
2025-09-03 00:00:00,Fixed,08:30,XPR,8,0,20253919,180154436  180150970  180154009  180156993,none,09:18:00.000000,No,LATE_01,48
2025-09-03 00:00:00,Fixed,09:30,TAV,8,0,20251498,180150979,none,09:40:00.000000,Yes,ONT,10
2025-09-03 00:00:00,Open_slot,15:00,BOS,9,32,20258525,n/a - not req,Carton qty short vs IDN,13:29:00.000000,Yes,ONT,-91
2025-09-04 00:00:00,Open_slot,15:00,KTR,0,63,20256664,No_IDN_provided,IDN missing on arrival,08:12:00.000000,Yes,ONT,-408
2025-09-04 00:00:00,Fixed,08:00,MDF,2,12,20258178,180158694,Damaged pallet - noted on IDN,07:40:00.000000,Yes,ONT,-20
2025-09-04 00:00:00,Fixed,06:00,CWX,5,0,20240168,CSS260514WZMC – 180158699  CSS260781WZMC-180150412  180152599,none,05:50:00.000000,Yes,ONT,-10
2025-09-04 00:00:00,Fixed,10:30,TGE,11,0,20252108,CSS260555WZMC – 180159284,none,10:40:00.000000,Yes,ONT,10
2025-09-04 00:00:00,Fixed,13:00,PVC,9,0,20257584,"180159884
180157154
180153827",Duplicate IDN,13:11:00.000000,Yes,ONT,11
2025-09-04 00:00:00,Open_slot,15:00,ORK,20,0,20250815,CSS260576WZMC 180154922,SKU on IDN not on PO,11:36:00.000000,Yes,ONT,-204
2025-09-05 00:00:00,Fixed,11:30,ZAK,0,78,20253119,CSS260907WZMC 180153352,Wrong IDN attached,09:48:00.000000,Yes,EARL,-102
2025-09-05 00:00:00,Open_slot,15:00,XPR,10,0,20252096,No_IDN_provided,No IDN provided,16:19:00.000000,No,LATE_02,79
2025-09-05 00:00:00,Open_slot,15:00,DLX,0,99,20254488,IDN not required,none,10:01:00.000000,Yes,ONT,-299
2025-09-05 00:00:00,Fixed,12:30,GWL,17,7,20256814,180157360,Damaged pallet - noted on IDN,12:22:00.000000,Yes,ONT,-8
2025-09-05 00:00:00,Fixed,10:30,TGE,9,0,20255633,"CSS260017WZMC-180154748
CSS260194WZMC-180159454
CSS260426WZMC - 180157855
180154602",Carton qty short vs IDN,10:15:00.000000,Yes,ONT,-15
2025-09-05 00:00:00,Open_slot,15:00,NHP,0,28,20250110,CSS260379WZMC - 180153150,Carton qty short vs IDN,15:53:00.000000,No,LATE_01,53
2025-09-05 00:00:00,Open_slot,15:00,RFT,22,0,20255852,CSS260483WZMC – 180154823,Mixed SKUs on pallet,14:17:00.000000,Yes,ONT,-43
2025-09-08 00:00:00,Fixed,08:30,KMB,11,0,20255811,"180150188
180152339
180151858",missing labels,08:42:00.000000,Yes,ONT,12
2025-09-08 00:00:00,Fixed,09:00,SGM,15,0,20256036,180150396,none,07:42:00.000000,Yes,EARL,-78
2025-09-08 00:00:00,Fixed,11:30,ZAK,3,0,20256770,180159716,Chased vendor for IDN,12:02:00.000000,No,LATE_01,32
2025-09-08 00:00:00,Fixed,09:00,TAV,6,35,20255215,180159321,IDN not matching PO,07:41:00.000000,Yes,EARL,-79
2025-09-08 00:00:00,Open_slot,15:00,DLX,2,95,20254776,CSS260934WZMC - 180150395 & CSS260474WZMC - 180151538 & CSS260947WZMC 180157416,Carton qty short vs IDN,14:16:00.000000,Yes,ONT,-44
2025-09-08 00:00:00,Open_slot,15:00,XPR,9,0,20250445,180151458,idn doesnt match,12:03:00.000000,Yes,ONT,-177
2025-09-09 00:00:00,Fixed,09:00,MDF,1,4,20263445,180156462 / 180156100 / 180150802,Damaged pallet - noted on IDN,08:50:00.000000,Yes,ONT,-10
2025-09-09 00:00:00,Fixed,09:30,LUM,2,59,20257315,IDN not required,none,09:15:00.000000,Yes,ONT,-15
2025-09-09 00:00:00,Open_slot,15:00,DLX,1,108,20263023,No_IDN_provided,none,10:16:00.000000,Yes,ONT,-284
2025-09-09 00:00:00,Fixed,08:30,KMB,5,0,20258218,CSS260921WZMC – 180152548,IDN - PO no. missing,08:39:00.000000,Yes,ONT,9
2025-09-09 00:00:00,Fixed,10:00,NRL,7,0,20252542,CSS260560WZMC – 180150242 & CSS260125WZMC - 180153114,none,10:32:00.000000,No,LATE_01,32
2025-09-09 00:00:00,Open_slot,15:00,KTR,17,0,20258449,CSS260855WZMC 180154641  CSS260100WZMC – 180154111,Over-delivered vs IDN,14:55:00.000000,Yes,ONT,-5
2025-09-09 00:00:00,Open_slot,15:00,SBK,24,0,20259768,CSS260781WZMC - 180159399,none,06:37:00.000000,Yes,EARL,-503
2025-09-09 00:00:00,Open_slot,15:00,ADL,11,0,20251824,CSS260414WZMC – 180151021,none,14:37:00.000000,Yes,ONT,-23
2025-09-10 00:00:00,Open_slot,15:00,XPR,12,0,20257627,180155449,none,11:24:00.000000,Yes,ONT,-216
2025-09-10 00:00:00,Fixed,13:00,TAV,8,0,20258109,180156518,none,13:07:00.000000,Yes,ONT,7
2025-09-10 00:00:00,Open_slot,15:00,BOS,8,23,20257681,CSS260000WZMC – 180153123,short 1 pallet,12:44:00.000000,Yes,ONT,-136
2025-09-10 00:00:00,Fixed,13:00,PVC,24,0,20268403,No_IDN_provided,IDN missing on arrival,12:42:00.000000,Yes,ONT,-18
2025-09-10 00:00:00,Fixed,11:00,RFT,2,84,20259537,CSS260934WZMC - 180155969,IDN not matching PO,10:54:00.000000,Yes,ONT,-6
2025-09-10 00:00:00,Fixed,06:30,ADL,11,0,20252702,"CSS260564WZMC - 180152353, CSS260216WZMC - 180154470, 180156877",No paperwork with driver,06:33:00.000000,Yes,ONT,3
2025-09-10 00:00:00,Fixed,06:30,ZAK,2,44,20258130,"180154609, 180159646",IDN sent late by vendor,06:34:00.000000,Yes,ONT,4
2025-09-10 00:00:00,Fixed,10:30,WDH,21,27,20253060,180154355 & 180154214 & 180157198,none,10:21:00.000000,Yes,ONT,-9
2025-09-11 00:00:00,Fixed,09:00,MDF,4,0,20256817,CSS260495WZMC 180156501 & CSS260708WZMC-180158497,none,08:58:00.000000,Yes,ONT,-2
2025-09-11 00:00:00,Fixed,11:30,FNB,2,21,20258601,"CSS260740WZMC 180153981
CSS260554WZMC - 180155588
CSS260232WZMC-180156925
180158575",none,11:34:00.000000,Yes,ONT,4
2025-09-11 00:00:00,Fixed,08:30,BRV,8,0,20254686,CSS260994WZMC-180159655,Duplicate IDN,08:40:00.000000,Yes,ONT,10
2025-09-11 00:00:00,Fixed,11:30,TAV,7,0,20258809,180151394 / 180151181 / 180159935,none,11:33:00.000000,Yes,ONT,3
2025-09-11 00:00:00,Open_slot,15:00,ORK,19,0,20255660,"180156925
180153181
180150305
180150735",none,12:49:00.000000,Yes,ONT,-131
2025-09-11 00:00:00,Fixed,10:30,TGE,12,0,20252953,CSS260685WZMC – 180155911,none,10:44:00.000000,Yes,ONT,14
2025-09-12 00:00:00,Fixed,11:00,SGM,2,77,20258740,CSS260247WZMC - 180156875,none,11:16:00.000000,Yes,ONT,16
2025-09-12 00:00:00,Fixed,14:00,NRL,3,0,20244448,No_IDN_provided,No IDN provided,14:24:00.000000,Yes,ONT,24
2025-09-12 00:00:00,Open_slot,15:00,VRT,4,0,20254328,180154787 & 180159056,none,10:40:00.000000,Yes,ONT,-260
2025-09-12 00:00:00,Fixed,13:30,YTS,0,13,20255329,IDN not required,Wrong IDN attached,13:26:00.000000,Yes,ONT,-4
2025-09-12 00:00:00,Fixed,09:00,MDF,4,20,20259258,not required,none,08:46:00.000000,Yes,ONT,-14
2025-09-12 00:00:00,Open_slot,15:00,GWL,17,29,20255480,No_IDN_provided,none,Not_arrived,No,LATE_03,
2025-09-15 00:00:00,Open_slot,15:00,XPR,10,0,20251267,180156737,none,13:38:00.000000,Yes,ONT,-82
2025-09-15 00:00:00,Open_slot,15:00,QMS,0,112,20256807,180156348 & 180153846 & 180151254 & 180158299,none,13:42:00.000000,Yes,ONT,-78
2025-09-15 00:00:00,Fixed,08:30,ZAK,1,40,20247024,CSS260726WZMC - 180154751,2 IDNs for 1 delivery,08:14:00.000000,Yes,ONT,-16
2025-09-15 00:00:00,Fixed,11:30,TAV,10,0,20258437,180157964,Pallet count differs from IDN,11:42:00.000000,Yes,ONT,12
2025-09-15 00:00:00,Fixed,06:30,ADL,11,0,20252976,CSS260993WZMC - 180159290  CSS260302WZMC-180158935,none,06:40:00.000000,Yes,ONT,10
2025-09-15 00:00:00,Open_slot,15:00,SBK,25,0,20259346,CSS260708WZMC-180157805,missing labels,12:32:00.000000,Yes,ONT,-148
2025-09-15 00:00:00,Open_slot,15:00,VRT,4,35,20256546,CSS260020WZMC – 180153182,2 IDNs for 1 delivery,09:36:00.000000,Yes,ONT,-324
2025-09-16 00:00:00,Open_slot,15:00,DLX,2,105,20257380,180152592 & 180150674,Damaged pallet - noted on IDN,08:03:00.000000,Yes,ONT,-417
2025-09-16 00:00:00,Open_slot,15:00,NHP,2,77,20258826,CSS260597WZMC - 180158830  CSS260209WZMC-180158064,none,09:57:00.000000,Yes,ONT,-303
2025-09-16 00:00:00,Open_slot,15:00,ZAK,0,60,20258610,180155254,none,15:43:00.000000,No,LATE_01,43
2025-09-16 00:00:00,Fixed,09:00,MDF,3,0,20257657,"CSS260010WZMC - 180158584, CSS260796WZMC – 180155470, CSS260672WZMC 180154994, 180151900",none,09:09:00.000000,Yes,ONT,9
2025-09-16 00:00:00,Fixed,10:30,EJN,8,4,20250953,CSS260855WZMC - 180153819,IDN not matching PO,10:23:00.000000,Yes,ONT,-7
2025-09-16 00:00:00,Fixed,09:00,NRL,9,0,20252222,CSS260368WZMC 180154993,none,08:53:00.000000,Yes,ONT,-7
2025-09-16 00:00:00,Open_slot,15:00,VRT,11,0,20252774,180154653,2 IDNs for 1 delivery,14:10:00.000000,Yes,ONT,-50
2025-09-16 00:00:00,Fixed,13:30,WDH,19,34,20252369,CSS260808WZMC-180157237,missing labels,13:07:00.000000,Yes,ONT,-23
2025-09-17 00:00:00,Fixed,11:00,RFT,15,0,20251937,180159747 & 180158798 & 180154285 & 180156953,none,11:00:00.000000,Yes,ONT,0
2025-09-17 00:00:00,Fixed,10:30,NRL,11,0,20250561,180159703,none,10:47:00.000000,Yes,ONT,17
2025-09-17 00:00:00,Fixed,13:30,HCN,5,0,20256010,180154074  180156535  180159073,none,13:42:00.000000,Yes,ONT,12
2025-09-17 00:00:00,Fixed,13:30,CWX,7,0,20252650,"180158432, 180153956",SKU on IDN not on PO,14:43:00.000000,No,LATE_02,73
2025-09-17 00:00:00,Open_slot,15:00,ADL,13,0,20256093,180154182,none,10:04:00.000000,Yes,ONT,-296
2025-09-17 00:00:00,Fixed,10:30,EJN,10,0,20251195,CSS260779WZMC – 180152116,none,10:28:00.000000,Yes,ONT,-2
2025-09-17 00:00:00,Fixed,13:00,PVC,21,0,20257345,180157228,Chased vendor for IDN,13:00:00.000000,Yes,ONT,0
2025-09-18 00:00:00,Fixed,06:00,SGM,23,15,20258408,"180155865, 180155065, 180150600, 180154924",IDN - PO no. missing,05:38:00.000000,Yes,ONT,-22
2025-09-18 00:00:00,Fixed,12:30,GWL,18,0,20249224,180159114,none,12:14:00.000000,Yes,ONT,-16
2025-09-18 00:00:00,Open_slot,15:00,SBK,14,0,20254747,"180156922
180152522",none,14:45:00.000000,Yes,ONT,-15
2025-09-18 00:00:00,Open_slot,15:00,ORK,23,0,20251953,"CSS260063WZMC – 180150333
CSS260361WZMC-180150954
180156646",SKU on IDN not on PO,11:43:00.000000,Yes,ONT,-197
2025-09-18 00:00:00,Fixed,10:00,ZAK,0,78,20252206,No_IDN_provided,none,11:12:00.000000,No,LATE_02,72
2025-09-18 00:00:00,Open_slot,15:00,KTR,13,0,20255078,180154834,No paperwork with driver,08:00:00.000000,Yes,ONT,-420
2025-09-18 00:00:00,Fixed,11:00,BRV,4,0,20258994,CSS260700WZMC-180154105,SKU on IDN not on PO,11:11:00.000000,Yes,ONT,11
2025-09-19 00:00:00,Open_slot,15:00,JHT,2,0,20256336,IDN not required,none,14:08:00.000000,Yes,ONT,-52
2025-09-19 00:00:00,Fixed,06:00,NRL,7,0,20257615,CSS260395WZMC 180154986,none,06:07:00.000000,Yes,ONT,7
2025-09-19 00:00:00,Fixed,10:00,BRV,13,4,20254777,180151626,IDN sent late by vendor,09:40:00.000000,Yes,ONT,-20
2025-09-19 00:00:00,Fixed,10:30,CWX,9,0,20257988,CSS260303WZMC-180150454,Carton qty short vs IDN,10:29:00.000000,Yes,ONT,-1
2025-09-19 00:00:00,Open_slot,15:00,KMB,10,0,20259684,No_IDN_provided,No IDN provided,09:52:00.000000,Yes,ONT,-308
2025-09-19 00:00:00,Fixed,12:30,GWL,26,0,20257276,IDN not required,none,12:20:00.000000,Yes,ONT,-10
2025-09-19 00:00:00,Open_slot,15:00,VRT,4,0,20256472,CSS260387WZMC - 180157215,Wrong IDN attached,08:40:00.000000,Yes,ONT,-380
2025-09-19 00:00:00,Open_slot,15:00,NHP,0,41,20257185,CSS260967WZMC - 180155130,none,09:16:00.000000,Yes,ONT,-344
2025-09-22 00:00:00,Open_slot,15:00,DLX,12,30,20255147,180153851,SKU on IDN not on PO,09:56:00.000000,Yes,ONT,-304
2025-09-22 00:00:00,Open_slot,15:00,ADL,17,0,20255188,180155728,none,12:41:00.000000,Yes,ONT,-139
2025-09-22 00:00:00,Open_slot,15:00,LUM,2,65,20255100,"CSS260968WZMC – 180152227, CSS260618WZMC-180152511",none,08:25:00.000000,Yes,ONT,-395
2025-09-22 00:00:00,Fixed,08:30,XPR,8,0,20254814,180155293,none,08:10:00.000000,Yes,ONT,-20
2025-09-22 00:00:00,Fixed,13:30,NRL,6,24,20255837,180152813,none,13:41:00.000000,Yes,ONT,11
2025-09-22 00:00:00,Fixed,10:30,QMS,1,6,20259391,CSS260605WZMC – 180159309  CSS260603WZMC – 180158382,"pallet overhang, restacked",10:32:00.000000,Yes,ONT,2
2025-09-23 00:00:00,Fixed,11:00,NRL,8,0,20259312,180159769,short 1 pallet,10:59:00.000000,Yes,ONT,-1
2025-09-23 00:00:00,Fixed,06:30,ADL,12,0,20250634,"180153642, 180152418, 180157913, 180159691",none,06:33:00.000000,Yes,ONT,3
2025-09-23 00:00:00,Open_slot,15:00,DLX,13,0,20258721,180151846 / 180153021 / 180159487,none,12:41:00.000000,Yes,ONT,-139
2025-09-23 00:00:00,Open_slot,15:00,VRT,7,0,20250484,180158795 / 180153748 / 180156264 / 180159441,none,09:20:00.000000,Yes,ONT,-340
2025-09-23 00:00:00,Fixed,13:00,ZAK,4,0,20258369,180156774,none,13:10:00.000000,Yes,ONT,10
2025-09-23 00:00:00,Fixed,09:00,TAV,9,7,20251736,IDN not required,none,09:08:00.000000,Yes,ONT,8
2025-09-24 00:00:00,Open_slot,15:00,TAV,6,0,20259853,CSS260996WZMC-180155143,No paperwork with driver,08:52:00.000000,Yes,ONT,-368
2025-09-24 00:00:00,Fixed,13:00,CWX,8,0,20245469,180154531 / 180158229 / 180155434,none,12:30:00.000000,Yes,ONT,-30
2025-09-24 00:00:00,Fixed,09:00,MDF,5,24,20259095,180152951,Wrong IDN attached,08:48:00.000000,Yes,ONT,-12
2025-09-24 00:00:00,Fixed,13:00,PVC,22,0,20254277,180152247,IDN illegible,12:58:00.000000,Yes,ONT,-2
2025-09-24 00:00:00,Fixed,08:30,XPR,7,0,20250154,"CSS260698WZMC-180150142
CSS260711WZMC – 180150944
CSS260041WZMC – 180152867",wrong SKU delivered,08:06:00.000000,Yes,ONT,-24
2025-09-24 00:00:00,Fixed,10:30,PLZ,6,4,20253685,No_IDN_provided,IDN missing on arrival,10:09:00.000000,Yes,ONT,-21
2025-09-24 00:00:00,Open_slot,15:00,EJN,7,1,20251110,"CSS260334WZMC 180154800
CSS260678WZMC – 180152295
180157299",none,12:55:00.000000,Yes,ONT,-125
2025-09-25 00:00:00,Fixed,07:30,ZAK,1,37,20251899,180154814,none,07:10:00.000000,Yes,ONT,-20
2025-09-25 00:00:00,Open_slot,15:00,PLZ,2,20,20253166,n/a - not req,none,14:34:00.000000,Yes,ONT,-26
2025-09-25 00:00:00,Open_slot,15:00,BOS,4,0,20252927,180157203  180154260  180150619  180155821,none,09:36:00.000000,Yes,ONT,-324
2025-09-25 00:00:00,Fixed,12:30,GWL,13,0,20254955,not required,none,13:54:00.000000,No,LATE_02,84
2025-09-25 00:00:00,Fixed,08:00,ORK,17,0,20257069,No_IDN_provided,none,08:25:00.000000,Yes,ONT,25
2025-09-25 00:00:00,Open_slot,15:00,LUM,2,0,20259437,180152512 & 180155732 & 180154993 & 180156309,none,08:52:00.000000,Yes,ONT,-368
2025-09-26 00:00:00,Fixed,13:30,CWX,5,0,20256751,180150270,Damaged pallet - noted on IDN,13:36:00.000000,Yes,ONT,6
2025-09-26 00:00:00,Fixed,14:00,SGM,1,73,20252736,CSS260055WZMC-180159925,none,13:56:00.000000,Yes,ONT,-4
2025-09-26 00:00:00,Fixed,13:00,TAV,9,0,20269414,No_IDN_provided,none,13:08:00.000000,Yes,ONT,8
2025-09-26 00:00:00,Open_slot,15:00,NHP,1,42,20257042,180153984 & 180155263,IDN not matching PO,08:10:00.000000,Yes,ONT,-410
2025-09-26 00:00:00,Open_slot,15:00,JHT,2,0,20252865,180154943,none,08:08:00.000000,Yes,ONT,-412
2025-09-26 00:00:00,Fixed,09:30,KMB,6,0,20256538,CSS260970WZMC - 180150667,none,09:32:00.000000,Yes,ONT,2
2025-09-26 00:00:00,Fixed,13:30,PLZ,1,0,20251963,No_IDN_provided,none,13:44:00.000000,Yes,ONT,14
2025-09-26 00:00:00,Fixed,12:30,GWL,17,27,20251535,IDN NOT REQUIRED,none,12:31:00.000000,Yes,ONT,1
2025-09-29 00:00:00,Open_slot,15:00,DLX,1,49,20243592,No_IDN_provided,No IDN provided,10:20:00.000000,Yes,ONT,-280
2025-09-29 00:00:00,Fixed,09:30,NRL,12,14,20242662,CSS260074WZMC - 180159950  CSS260918WZMC-180150030,"pallet overhang, restacked",09:32:00.000000,Yes,ONT,2
2025-09-29 00:00:00,Open_slot,15:00,TAV,5,0,20255922,n/a - not req,none,06:44:00.000000,Yes,EARL,-496
2025-09-29 00:00:00,Open_slot,15:00,XPR,10,0,20252296,No_IDN_provided,No IDN provided,14:23:00.000000,Yes,ONT,-37
2025-09-29 00:00:00,Fixed,10:30,QMS,2,38,20255166,180151695,Duplicate IDN,10:39:00.000000,Yes,ONT,9
2025-09-29 00:00:00,Fixed,11:00,CWX,6,0,20252392,CSS260147WZMC-180159487,Wrong IDN attached,09:12:00.000000,Yes,EARL,-108
2025-09-29 00:00:00,Fixed,10:30,BRV,9,0,20252595,180157776,short 1 pallet,10:47:00.000000,Yes,ONT,17
2025-09-30 00:00:00,Fixed,10:30,EJN,2,18,20259596,CSS260002WZMC 180155227 / CSS260127WZMC 180157610 / 180154893,none,11:19:00.000000,No,LATE_01,49
2025-09-30 00:00:00,Fixed,08:00,NRL,13,14,20250371,not required,none,07:57:00.000000,Yes,ONT,-3
2025-09-30 00:00:00,Open_slot,15:00,VRT,3,33,20249153,180156662,Damaged pallet - noted on IDN,12:46:00.000000,Yes,ONT,-134
2025-09-30 00:00:00,Fixed,07:30,ZAK,3,0,20258715,No_IDN_provided,none,Not_arrived,No,LATE_03,
2025-09-30 00:00:00,Open_slot,15:00,DLX,2,89,20245044,not required,none,12:23:00.000000,Yes,ONT,-157
2025-09-30 00:00:00,Open_slot,15:00,NHP,1,83,20255904,180154756,none,10:02:00.000000,Yes,ONT,-298
2025-09-30 00:00:00,Fixed,06:30,MDF,6,0,20250731,180155815 / 180150692,IDN sent late by vendor,06:21:00.000000,Yes,ONT,-9
2025-09-30 00:00:00,Fixed,12:30,GWL,16,39,20255483,CSS260190WZMC 180150127,idn doesnt match,12:16:00.000000,Yes,ONT,-14
2025-10-01 00:00:00,Fixed,12:00,TAV,7,0,20252359,No_IDN_provided,IDN missing on arrival,10:36:00.000000,Yes,EARL,-84
2025-10-01 00:00:00,Fixed,06:30,SGM,1,116,20255238,CSS260245WZMC 180155885,none,06:24:00.000000,Yes,ONT,-6
2025-10-01 00:00:00,Open_slot,15:00,HCN,4,2,20254946,CSS260174WZMC – 180154536,none,06:33:00.000000,Yes,EARL,-507
2025-10-01 00:00:00,Open_slot,15:00,XPR,7,0,20255256,180158890,wrong SKU delivered,09:04:00.000000,Yes,ONT,-356
2025-10-01 00:00:00,Fixed,09:30,JHT,3,0,20252914,No_IDN_provided,No IDN provided,09:16:00.000000,Yes,ONT,-14
2025-10-01 00:00:00,Fixed,10:30,EJN,7,0,20257671,180158341 / 180154747,none,10:32:00.000000,Yes,ONT,2
2025-10-01 00:00:00,Open_slot,15:00,RFT,2,60,20255152,180153285 & 180156967,none,13:50:00.000000,Yes,ONT,-70
2025-10-01 00:00:00,Fixed,13:00,PVC,18,0,20258752,CSS260767WZMC-180155628,none,12:36:00.000000,Yes,ONT,-24
2025-10-02 00:00:00,Fixed,13:00,NRL,9,2,20250971,CSS260823WZMC-180159672,Carton qty short vs IDN,13:10:00.000000,Yes,ONT,10
2025-10-02 00:00:00,Fixed,09:30,MDF,6,2,20256822,180150037,none,09:27:00.000000,Yes,ONT,-3
2025-10-02 00:00:00,Fixed,09:30,CWX,4,0,20258436,CSS260986WZMC - 180151828,IDN - PO no. missing,09:10:00.000000,Yes,ONT,-20
2025-10-02 00:00:00,Open_slot,15:00,HCN,5,34,20250525,CSS260098WZMC - 180157045,missing labels,15:45:00.000000,No,LATE_01,45
2025-10-02 00:00:00,Open_slot,15:00,BOS,17,0,20258644,180157034,none,14:30:00.000000,Yes,ONT,-30
2025-10-02 00:00:00,Fixed,06:00,SGM,19,0,20256746,CSS260997WZMC 180150792,SKU on IDN not on PO,05:54:00.000000,Yes,ONT,-6
2025-10-02 00:00:00,Open_slot,15:00,JHT,2,0,20251485,CSS260477WZMC - 180153908,IDN sent late by vendor,06:10:00.000000,Yes,EARL,-530
2025-10-02 00:00:00,Open_slot,15:00,GWL,29,30,20255752,180153223 / 180159552 / 180158508,none,11:15:00.000000,Yes,ONT,-225
2025-10-03 00:00:00,Fixed,12:30,GWL,15,0,20253883,CSS260972WZMC - 180159967,none,12:32:00.000000,Yes,ONT,2
2025-10-03 00:00:00,Fixed,12:30,BRV,7,0,20255073,CSS260781WZMC – 180157320,2 IDNs for 1 delivery,12:32:00.000000,Yes,ONT,2
2025-10-03 00:00:00,Fixed,09:00,MDF,3,0,20259077,180151088,none,08:56:00.000000,Yes,ONT,-4
2025-10-03 00:00:00,Fixed,09:00,ZAK,1,81,20252023,"180153155, 180152087",none,08:49:00.000000,Yes,ONT,-11
2025-10-03 00:00:00,Open_slot,15:00,VRT,1,35,20253184,"180155316, 180150177, 180151276",none,14:53:00.000000,Yes,ONT,-7
2025-10-03 00:00:00,Open_slot,15:00,SBK,26,30,20257946,CSS260332WZMC - 180156830 & CSS260645WZMC - 180154530 & CSS260620WZMC - 180151002,none,14:17:00.000000,Yes,ONT,-43
2025-10-03 00:00:00,Fixed,10:30,CWX,8,15,20259958,180152105,none,10:25:00.000000,Yes,ONT,-5
2025-10-06 00:00:00,Fixed,11:00,WDH,13,0,20255719,No_IDN_provided,no idn with driver,10:57:00.000000,Yes,ONT,-3
2025-10-06 00:00:00,Fixed,11:00,NRL,9,0,20240403,No_IDN_provided,none,Not_arrived,No,LATE_03,
2025-10-06 00:00:00,Fixed,08:30,XPR,9,0,20255022,CSS260746WZMC – 180158876,none,08:25:00.000000,Yes,ONT,-5
2025-10-06 00:00:00,Open_slot,15:00,QMS,1,48,20257188,CSS260255WZMC - 180151419 & CSS260076WZMC - 180154447,Damaged pallet - noted on IDN,13:36:00.000000,Yes,ONT,-84
2025-10-06 00:00:00,Fixed,12:30,GWL,17,0,20255164,CSS260070WZMC-180158395,none,12:47:00.000000,Yes,ONT,17
2025-10-06 00:00:00,Open_slot,15:00,DLX,2,16,20257483,CSS260956WZMC - 180157811,none,07:08:00.000000,Yes,EARL,-472
2025-10-06 00:00:00,Fixed,13:00,ZAK,2,67,20255429,180159534 / 180150709 / 180156125,none,13:00:00.000000,Yes,ONT,0
2025-10-07 00:00:00,Open_slot,15:00,KTR,2,110,20253569,IDN not required,none,11:19:00.000000,Yes,ONT,-221
2025-10-07 00:00:00,Fixed,12:30,ZAK,4,0,20250970,CSS260357WZMC 180158871,Carton qty short vs IDN,12:47:00.000000,Yes,ONT,17
2025-10-07 00:00:00,Fixed,13:00,PVC,20,0,20251030,CSS260071WZMC - 180153705,No paperwork with driver,12:47:00.000000,Yes,ONT,-13
2025-10-07 00:00:00,Open_slot,15:00,NHP,0,111,20255056,No_IDN_provided,none,Not_arrived,No,LATE_03,
2025-10-07 00:00:00,Fixed,09:00,MDF,3,0,20258558,CSS260812WZMC 180154192,none,10:00:00.000000,No,LATE_01,60
2025-10-07 00:00:00,Fixed,07:30,WDH,30,0,20255163,CSS260697WZMC – 180156584,2 IDNs for 1 delivery,07:26:00.000000,Yes,ONT,-4
2025-10-08 00:00:00,Open_slot,15:00,PVC,28,0,20257548,180158470,Duplicate IDN,07:25:00.000000,Yes,EARL,-455
2025-10-08 00:00:00,Fixed,07:00,NRL,10,0,20259356,180158268,none,07:16:00.000000,Yes,ONT,16
2025-10-08 00:00:00,Fixed,08:30,XPR,11,0,20256379,No_IDN_provided,IDN missing on arrival,08:09:00.000000,Yes,ONT,-21
2025-10-08 00:00:00,Open_slot,15:00,BOS,10,0,20246743,"CSS260781WZMC - 180159029
CSS260857WZMC - 180158728
CSS260413WZMC – 180157995
180159039",missing labels,11:59:00.000000,Yes,ONT,-181
2025-10-08 00:00:00,Fixed,10:00,BRV,7,0,20253946,CSS260668WZMC - 180154468,none,10:12:00.000000,Yes,ONT,12
2025-10-08 00:00:00,Fixed,06:30,ADL,14,0,20255456,180153026,IDN sent late by vendor,06:27:00.000000,Yes,ONT,-3
2025-10-09 00:00:00,Fixed,14:00,TAV,7,15,20250131,CSS260583WZMC – 180156301,short 1 pallet,14:11:00.000000,Yes,ONT,11
2025-10-09 00:00:00,Fixed,06:30,ADL,14,27,20257790,"CSS260466WZMC – 180152174
CSS260660WZMC-180159007
CSS260220WZMC 180150997",none,07:22:00.000000,No,LATE_01,52
2025-10-09 00:00:00,Fixed,11:30,FNB,2,11,20258781,180158660,none,11:43:00.000000,Yes,ONT,13
2025-10-09 00:00:00,Open_slot,15:00,BOS,8,0,20250246,"180159405, 180155111, 180159223, 180153699",none,11:55:00.000000,Yes,ONT,-185
2025-10-09 00:00:00,Open_slot,15:00,NRL,12,15,20256828,CSS260174WZMC - 180152093,none,11:39:00.000000,Yes,ONT,-201
2025-10-09 00:00:00,Open_slot,15:00,LUM,0,56,20247435,CSS260114WZMC - 180159949,idn doesnt match,10:33:00.000000,Yes,ONT,-267
2025-10-10 00:00:00,Open_slot,15:00,TAV,7,0,20253340,180157557,none,09:46:00.000000,Yes,ONT,-314
2025-10-10 00:00:00,Fixed,08:00,BRV,9,0,20257526,CSS260310WZMC – 180150500,none,07:43:00.000000,Yes,ONT,-17
2025-10-10 00:00:00,Fixed,13:00,NHP,0,39,20255879,No_IDN_provided,none,Not_arrived,No,LATE_03,
2025-10-10 00:00:00,Open_slot,15:00,KMB,8,0,20250628,CSS260005WZMC 180158813,none,08:53:00.000000,Yes,ONT,-367
2025-10-10 00:00:00,Fixed,07:30,ZAK,3,0,20248411,180158520,none,07:57:00.000000,Yes,ONT,27
2025-10-10 00:00:00,Open_slot,15:00,JHT,3,0,20254004,180152389,none,06:44:00.000000,Yes,EARL,-496
2025-10-10 00:00:00,Fixed,12:30,GWL,21,0,20255524,180154081,none,11:25:00.000000,Yes,EARL,-65
2025-10-13 00:00:00,Fixed,09:00,CWX,11,24,20259650,"CSS260216WZMC-180156555
CSS260508WZMC – 180159581
180153913",none,09:01:00.000000,Yes,ONT,1
2025-10-13 00:00:00,Fixed,13:00,PVC,17,0,20253360,CSS260506WZMC-180155058,short 1 pallet,13:01:00.000000,Yes,ONT,1
2025-10-13 00:00:00,Fixed,11:00,SGM,23,0,20252646,CSS260816WZMC 180156905,Over-delivered vs IDN,10:58:00.000000,Yes,ONT,-2
2025-10-13 00:00:00,Fixed,10:30,LUM,1,44,20257338,IDN not required,Mixed SKUs on pallet,10:29:00.000000,Yes,ONT,-1
2025-10-13 00:00:00,Fixed,08:30,XPR,13,0,20257777,not required,none,09:08:00.000000,No,LATE_01,38
2025-10-13 00:00:00,Open_slot,15:00,ZAK,1,117,20252050,180152608,short 1 pallet,13:30:00.000000,Yes,ONT,-90
2025-10-13 00:00:00,Fixed,06:00,TAV,8,0,20253754,180152425,2 IDNs for 1 delivery,06:16:00.000000,Yes,ONT,16
2025-10-14 00:00:00,Open_slot,15:00,DLX,0,72,20254900,180154005,IDN not matching PO,11:55:00.000000,Yes,ONT,-185
2025-10-14 00:00:00,Open_slot,15:00,KTR,1,73,20258628,180159510,none,08:50:00.000000,Yes,ONT,-370
2025-10-14 00:00:00,Fixed,06:30,NRL,11,0,20252313,"CSS260326WZMC 180154462, CSS260449WZMC-180155406, 180159044",SKU on IDN not on PO,08:04:00.000000,No,LATE_02,94
2025-10-14 00:00:00,Fixed,14:00,ZAK,0,69,20268154,180153702,none,14:44:00.000000,No,LATE_01,44
2025-10-14 00:00:00,Fixed,06:00,CWX,6,23,20256493,not required,none,07:20:00.000000,No,LATE_02,80
2025-10-14 00:00:00,Fixed,13:00,NHP,4,0,20255641,CSS260795WZMC - 180158990,IDN - PO no. missing,13:42:00.000000,No,LATE_01,42
2025-10-14 00:00:00,Fixed,13:30,YTS,6,0,20259547,"180151005, 180154780, 180152083, 180156537",No paperwork with driver,13:10:00.000000,Yes,ONT,-20
2025-10-14 00:00:00,Open_slot,15:00,RFT,20,0,20251401,180158427,none,08:34:00.000000,Yes,ONT,-386
2025-10-15 00:00:00,Fixed,12:30,GWL,24,23,20264646,IDN NOT REQUIRED,none,12:35:00.000000,Yes,ONT,5
2025-10-15 00:00:00,Fixed,11:00,RFT,2,39,20250284,"180159757, 180157674, 180150772, 180150930",none,11:17:00.000000,Yes,ONT,17
2025-10-15 00:00:00,Fixed,06:30,ADL,14,0,20251402,CSS260749WZMC - 180159012,none,06:17:00.000000,Yes,ONT,-13
2025-10-15 00:00:00,Open_slot,15:00,BOS,9,0,20257530,180150837,none,10:13:00.000000,Yes,ONT,-287
2025-10-15 00:00:00,Open_slot,15:00,XPR,5,0,20258594,180154243,none,09:44:00.000000,Yes,ONT,-316
2025-10-15 00:00:00,Fixed,06:30,JHT,1,0,20256304,No_IDN_provided,IDN missing on arrival,06:35:00.000000,Yes,ONT,5
2025-10-16 00:00:00,Fixed,10:30,TGE,11,0,20259944,"180158006
180151954
180157314
180150129",IDN sent late by vendor,10:23:00.000000,Yes,ONT,-7
2025-10-16 00:00:00,Fixed,09:00,MDF,2,0,20259087,"180155412, 180150521",No paperwork with driver,08:58:00.000000,Yes,ONT,-2
2025-10-16 00:00:00,Fixed,13:00,ZAK,9,0,20252815,CSS260423WZMC - 180153347,none,13:08:00.000000,Yes,ONT,8
2025-10-16 00:00:00,Fixed,12:30,GWL,25,0,20252276,CSS260049WZMC-180159689  CSS260644WZMC-180152512,none,12:37:00.000000,Yes,ONT,7
2025-10-16 00:00:00,Fixed,13:00,KTR,2,72,20254813,CSS260914WZMC-180158274,idn doesnt match,13:47:00.000000,No,LATE_01,47
2025-10-16 00:00:00,Fixed,06:00,SBK,18,0,20258629,CSS260050WZMC-180153677,wrong SKU delivered,05:56:00.000000,Yes,ONT,-4
2025-10-16 00:00:00,Open_slot,15:00,BOS,12,0,20255253,not required,short 1 pallet,10:25:00.000000,Yes,ONT,-275
2025-10-17 00:00:00,Open_slot,15:00,NHP,0,106,20251306,CSS260841WZMC-180154792,none,13:32:00.000000,Yes,ONT,-88
2025-10-17 00:00:00,Fixed,09:30,ZAK,2,10,20254560,CSS260595WZMC-180154915 / CSS260577WZMC 180156955 / 180153581,Damaged pallet - noted on IDN,11:18:00.000000,No,LATE_02,108
2025-10-17 00:00:00,Fixed,07:30,PLZ,6,0,20252117,180153671,none,07:28:00.000000,Yes,ONT,-2
2025-10-17 00:00:00,Fixed,11:00,SGM,2,56,20252362,180157286,Duplicate IDN,10:49:00.000000,Yes,ONT,-11
2025-10-17 00:00:00,Fixed,12:30,GWL,18,0,20263979,CSS260074WZMC - 180153580,none,12:30:00.000000,Yes,ONT,0
2025-10-17 00:00:00,Fixed,11:00,TAV,14,0,20255951,CSS260505WZMC - 180151792,none,11:02:00.000000,Yes,ONT,2
2025-10-17 00:00:00,Fixed,07:30,VRT,5,0,20254971,180155605 & 180158479 & 180152930 & 180151769,Mixed SKUs on pallet,07:09:00.000000,Yes,ONT,-21
2025-10-17 00:00:00,Fixed,08:30,XPR,8,0,20250117,180152794,none,08:33:00.000000,Yes,ONT,3
2025-10-20 00:00:00,Fixed,08:30,XPR,5,0,20250179,CSS260690WZMC - 180156104,none,08:43:00.000000,Yes,ONT,13
2025-10-20 00:00:00,Fixed,06:00,NRL,8,0,20254362,CSS260529WZMC – 180156508,IDN qty wrong,06:06:00.000000,Yes,ONT,6
2025-10-20 00:00:00,Fixed,12:00,TAV,10,0,20251295,CSS260865WZMC - 180156085,none,11:58:00.000000,Yes,ONT,-2
2025-10-20 00:00:00,Open_slot,15:00,KMB,9,0,20252461,CSS260198WZMC - 180152842,none,09:21:00.000000,Yes,ONT,-339
2025-10-20 00:00:00,Fixed,13:00,CWX,6,0,20259581,"CSS260434WZMC 180155205, CSS260613WZMC - 180158760, 180155542",No paperwork with driver,11:25:00.000000,Yes,EARL,-95
2025-10-20 00:00:00,Open_slot,15:00,ZAK,0,51,20256054,CSS260205WZMC-180158507,missing labels,09:15:00.000000,Yes,ONT,-345
2025-10-20 00:00:00,Open_slot,15:00,DLX,12,0,20255800,"180159233, 180152718",No paperwork with driver,11:52:00.000000,Yes,ONT,-188
2025-10-21 00:00:00,Fixed,13:30,NRL,6,0,20255127,n/a - not req,none,13:19:00.000000,Yes,ONT,-11
2025-10-21 00:00:00,Open_slot,15:00,DLX,13,28,20253537,180151691,missing labels,14:16:00.000000,Yes,ONT,-44
2025-10-21 00:00:00,Open_slot,15:00,KMB,10,0,20256931,180153916,none,12:43:00.000000,Yes,ONT,-137
2025-10-21 00:00:00,Open_slot,15:00,KTR,0,36,20253917,180159306,missing labels,11:44:00.000000,Yes,ONT,-196
2025-10-21 00:00:00,Open_slot,15:00,NHP,1,25,20256996,CSS260456WZMC 180155713,none,09:37:00.000000,Yes,ONT,-323
2025-10-21 00:00:00,Fixed,08:30,TAV,14,0,20251971,CSS260460WZMC-180151968,IDN sent late by vendor,08:34:00.000000,Yes,ONT,4
2025-10-21 00:00:00,Fixed,09:00,MDF,4,0,20254521,180154788,No paperwork with driver,09:08:00.000000,Yes,ONT,8
2025-10-21 00:00:00,Fixed,12:30,BRV,10,0,20245121,CSS260942WZMC-180159726  CSS260725WZMC - 180157622  CSS260609WZMC - 180151697,none,12:26:00.000000,Yes,ONT,-4
2025-10-22 00:00:00,Fixed,08:30,XPR,8,0,20259176,180156717,wrong SKU delivered,08:46:00.000000,Yes,ONT,16
2025-10-22 00:00:00,Fixed,10:30,TGE,15,0,20259517,CSS260992WZMC - 180157976,Carton qty short vs IDN,10:15:00.000000,Yes,ONT,-15
2025-10-22 00:00:00,Open_slot,15:00,ZAK,0,39,20255895,180157477,none,12:15:00.000000,Yes,ONT,-165
2025-10-22 00:00:00,Open_slot,15:00,DLX,17,0,20267207,CSS260354WZMC-180151694,none,09:18:00.000000,Yes,ONT,-342
2025-10-22 00:00:00,Open_slot,15:00,GWL,18,0,20259225,CSS260281WZMC-180154460,none,07:59:00.000000,Yes,ONT,-421
2025-10-22 00:00:00,Fixed,13:30,HCN,8,1,20258321,No_IDN_provided,no idn with driver,13:28:00.000000,Yes,ONT,-2
2025-10-22 00:00:00,Fixed,06:30,ADL,19,29,20251363,180159815,idn doesnt match,06:45:00.000000,Yes,ONT,15
2025-10-22 00:00:00,Fixed,10:30,EJN,3,0,20252999,180152502 & 180154175,none,11:56:00.000000,No,LATE_02,86
2025-10-23 00:00:00,Fixed,06:30,BRV,7,30,20252645,CSS260386WZMC-180152473,none,06:50:00.000000,Yes,ONT,20
2025-10-23 00:00:00,Open_slot,15:00,SBK,23,32,20254940,No_IDN_provided,No IDN provided,12:48:00.000000,Yes,ONT,-132
2025-10-23 00:00:00,Fixed,12:30,ZAK,0,70,20259526,No_IDN_provided,none,Not_arrived,No,LATE_03,
2025-10-23 00:00:00,Open_slot,15:00,LUM,1,0,20243205,180151454,"pallet overhang, restacked",12:41:00.000000,Yes,ONT,-139
2025-10-23 00:00:00,Fixed,08:30,XPR,7,0,20250931,CSS260791WZMC - 180159456,none,08:37:00.000000,Yes,ONT,7
2025-10-23 00:00:00,Open_slot,15:00,BOS,9,0,20255787,IDN NOT REQUIRED,none,16:40:00.000000,No,LATE_02,100
2025-10-23 00:00:00,Open_slot,15:00,KTR,1,40,20252970,CSS260622WZMC 180153883,IDN - PO no. missing,13:24:00.000000,Yes,ONT,-96
2025-10-24 00:00:00,Fixed,08:00,ORK,19,0,20257652,180151432,Carton qty short vs IDN,08:03:00.000000,Yes,ONT,3
2025-10-24 00:00:00,Fixed,11:30,PLZ,5,0,20258757,CSS260400WZMC-180157049,2 IDNs for 1 delivery,11:21:00.000000,Yes,ONT,-9
2025-10-24 00:00:00,Fixed,12:30,GWL,28,0,20256237,180155640,none,12:23:00.000000,Yes,ONT,-7
2025-10-24 00:00:00,Fixed,08:00,ZAK,2,73,20258754,180159062,none,06:48:00.000000,Yes,EARL,-72
2025-10-24 00:00:00,Open_slot,15:00,NHP,0,78,20258060,CSS260990WZMC 180155291,SKU on IDN not on PO,11:57:00.000000,Yes,ONT,-183
2025-10-24 00:00:00,Fixed,07:00,TAV,10,36,20251932,180156912,none,06:04:00.000000,Yes,EARL,-56
2025-10-24 00:00:00,Fixed,08:30,XPR,7,0,20259667,180152673,none,08:27:00.000000,Yes,ONT,-3
2025-10-24 00:00:00,Fixed,07:30,NRL,11,0,20252083,CSS260438WZMC - 180159734,none,07:36:00.000000,Yes,ONT,6
2025-10-27 00:00:00,Fixed,13:00,CWX,8,0,20253435,CSS260941WZMC-180157179,none,12:02:00.000000,Yes,EARL,-58
2025-10-27 00:00:00,Fixed,08:30,XPR,7,0,20256349,No_IDN_provided,none,08:28:00.000000,Yes,ONT,-2
2025-10-27 00:00:00,Open_slot,15:00,BOS,9,0,20258933,180150514,wrong SKU delivered,09:09:00.000000,Yes,ONT,-351
2025-10-27 00:00:00,Fixed,06:00,SGM,2,9,20257833,CSS260865WZMC 180158429,SKU on IDN not on PO,06:29:00.000000,Yes,ONT,29
2025-10-27 00:00:00,Open_slot,15:00,LUM,1,0,20252179,180157824,IDN sent late by vendor,11:40:00.000000,Yes,ONT,-200
2025-10-27 00:00:00,Fixed,09:00,MDF,6,0,20258536,180154642,none,10:08:00.000000,No,LATE_02,68
2025-10-27 00:00:00,Fixed,09:30,TAV,9,0,20251610,180150329,none,09:19:00.000000,Yes,ONT,-11
2025-10-28 00:00:00,Open_slot,15:00,TAV,9,17,20257312,IDN NOT REQUIRED,none,11:06:00.000000,Yes,ONT,-234
2025-10-28 00:00:00,Open_slot,15:00,DLX,19,0,20253228,No_IDN_provided,No IDN provided,14:05:00.000000,Yes,ONT,-55
2025-10-28 00:00:00,Fixed,08:00,NRL,6,0,20254605,180154007,missing labels,09:45:00.000000,No,LATE_02,105
2025-10-28 00:00:00,Fixed,10:30,EJN,6,0,20257528,not required,none,11:16:00.000000,No,LATE_01,46
2025-10-28 00:00:00,Fixed,13:30,HCN,5,0,20250050,not required,none,13:30:00.000000,Yes,ONT,0
2025-10-28 00:00:00,Open_slot,15:00,SBK,16,0,20264766,180150740  180151160,missing labels,09:28:00.000000,Yes,ONT,-332
2025-10-28 00:00:00,Fixed,06:30,ADL,18,0,20257199,CSS260880WZMC - 180156214,No paperwork with driver,06:19:00.000000,Yes,ONT,-11
2025-10-28 00:00:00,Fixed,13:30,YTS,7,0,20256752,CSS260001WZMC – 180153294,none,13:26:00.000000,Yes,ONT,-4
2025-10-29 00:00:00,Fixed,13:00,PVC,27,0,20258861,"CSS260055WZMC – 180159502, CSS260167WZMC - 180159627, CSS260369WZMC - 180154701",none,13:02:00.000000,Yes,ONT,2
2025-10-29 00:00:00,Open_slot,15:00,RFT,0,57,20253512,180153710,none,09:49:00.000000,Yes,ONT,-311
2025-10-29 00:00:00,Open_slot,15:00,XPR,7,16,20255421,180153089,Wrong IDN attached,06:54:00.000000,Yes,EARL,-486
2025-10-29 00:00:00,Fixed,10:00,TAV,7,0,20257407,180157467,Pallet count differs from IDN,10:16:00.000000,Yes,ONT,16
2025-10-29 00:00:00,Fixed,10:30,EJN,7,22,20258613,180150776,none,10:00:00.000000,Yes,ONT,-30
2025-10-29 00:00:00,Fixed,06:30,ADL,18,0,20243258,180153802,none,06:40:00.000000,Yes,ONT,10
2025-10-29 00:00:00,Open_slot,15:00,HCN,1,39,20251782,180150194,none,13:19:00.000000,Yes,ONT,-101
2025-10-29 00:00:00,Fixed,12:30,NRL,6,0,20253666,No_IDN_provided,none,Not_arrived,No,LATE_03,
2025-10-30 00:00:00,Fixed,10:30,LUM,0,94,20254870,180158742,none,10:12:00.000000,Yes,ONT,-18
2025-10-30 00:00:00,Open_slot,15:00,ZAK,1,22,20250647,CSS260487WZMC-180156648,none,16:08:00.000000,No,LATE_02,68
2025-10-30 00:00:00,Fixed,12:00,PLZ,4,0,20255498,180153338  180159731,Duplicate IDN,12:02:00.000000,Yes,ONT,2
2025-10-30 00:00:00,Fixed,08:00,CWX,9,4,20259502,"CSS260718WZMC - 180150293, CSS260690WZMC-180152590",SKU on IDN not on PO,07:26:00.000000,Yes,EARL,-34
2025-10-30 00:00:00,Fixed,06:30,NRL,10,0,20254504,180159695 & 180159381,none,07:14:00.000000,No,LATE_01,44
2025-10-30 00:00:00,Fixed,12:30,GWL,14,0,20252800,180157356 / 180158133,none,12:22:00.000000,Yes,ONT,-8
2025-10-30 00:00:00,Fixed,12:00,MDF,4,0,20258612,"CSS260615WZMC - 180153842
CSS260286WZMC - 180155153",none,12:14:00.000000,Yes,ONT,14
2025-10-30 00:00:00,Fixed,08:00,ORK,19,0,20259222,No_IDN_provided,No IDN provided,07:59:00.000000,Yes,ONT,-1
2025-10-31 00:00:00,Open_slot,15:00,JHT,4,0,20244515,CSS260286WZMC - 180156935,IDN not matching PO,08:05:00.000000,Yes,ONT,-415
2025-10-31 00:00:00,Fixed,09:30,TAV,9,0,20250431,180154986,idn doesnt match,09:25:00.000000,Yes,ONT,-5
2025-10-31 00:00:00,Open_slot,15:00,NRL,6,27,20256007,180150543,none,15:37:00.000000,No,LATE_01,37
2025-10-31 00:00:00,Open_slot,15:00,NHP,2,28,20259313,CSS260773WZMC - 180159659,none,08:23:00.000000,Yes,ONT,-397
2025-10-31 00:00:00,Fixed,09:30,SGM,19,0,20246064,CSS260613WZMC - 180152246,"pallet overhang, restacked",09:36:00.000000,Yes,ONT,6
2025-10-31 00:00:00,Open_slot,15:00,SBK,23,0,20255844,CSS260154WZMC 180153451,none,15:59:00.000000,No,LATE_01,59
2025-10-31 00:00:00,Open_slot,15:00,ZAK,2,113,20250590,180157696,none,08:40:00.000000,Yes,ONT,-380
2025-11-03 00:00:00,Fixed,08:30,XPR,8,0,20254197,No_IDN_provided,none,09:18:00.000000,No,LATE_01,48
2025-11-03 00:00:00,Fixed,06:30,ADL,17,0,20252928,CSS260691WZMC - 180150745 & CSS260037WZMC - 180159427 & CSS260755WZMC - 180157604,none,06:31:00.000000,Yes,ONT,1
2025-11-03 00:00:00,Open_slot,15:00,LUM,2,35,20245043,180156252,none,07:48:00.000000,Yes,ONT,-432
2025-11-03 00:00:00,Fixed,06:00,TAV,11,0,20258278,180151176,none,05:38:00.000000,Yes,ONT,-22
2025-11-03 00:00:00,Fixed,09:00,MDF,5,32,20256995,CSS260157WZMC-180153217,none,09:23:00.000000,Yes,ONT,23
2025-11-03 00:00:00,Open_slot,15:00,DLX,2,119,20257119,"CSS260402WZMC – 180157284, CSS260577WZMC 180158794, CSS260106WZMC-180155146, 180158110",none,07:09:00.000000,Yes,EARL,-471
2025-11-03 00:00:00,Open_slot,15:00,SBK,19,0,20251807,180157477,none,12:20:00.000000,Yes,ONT,-160
2025-11-04 00:00:00,Open_slot,15:00,HCN,1,18,20244071,No_IDN_provided,none,Not_arrived,No,LATE_03,
2025-11-04 00:00:00,Open_slot,15:00,XPR,3,0,20255317,CSS260651WZMC 180152663,short 1 pallet,18:53:00.000000,No,LATE_02,233
2025-11-04 00:00:00,Fixed,10:30,SGM,22,0,20259431,CSS260092WZMC – 180155136,none,10:12:00.000000,Yes,ONT,-18
2025-11-04 00:00:00,Fixed,12:00,ZAK,0,97,20255451,CSS260748WZMC - 180153487,Mixed SKUs on pallet,11:51:00.000000,Yes,ONT,-9
2025-11-04 00:00:00,Fixed,09:00,TAV,11,36,20259911,180159469,none,09:16:00.000000,Yes,ONT,16
2025-11-04 00:00:00,Open_slot,15:00,DLX,1,108,20252201,"180159605, 180154325","pallet overhang, restacked",13:47:00.000000,Yes,ONT,-73
2025-11-04 00:00:00,Fixed,10:30,EJN,10,0,20253196,180150352,none,10:31:00.000000,Yes,ONT,1
2025-11-05 00:00:00,Fixed,08:30,XPR,8,39,20251132,180152839,none,08:33:00.000000,Yes,ONT,3
2025-11-05 00:00:00,Fixed,11:00,RFT,32,0,20253637,180159237,IDN not matching PO,11:09:00.000000,Yes,ONT,9
2025-11-05 00:00:00,Open_slot,15:00,KMB,9,0,20257373,No_IDN_provided,none,07:16:00.000000,Yes,EARL,-464
2025-11-05 00:00:00,Fixed,06:30,ADL,16,0,20251703,180155946  180153289  180151838  180151545,IDN - PO no. missing,06:44:00.000000,Yes,ONT,14
2025-11-05 00:00:00,Open_slot,15:00,BOS,12,0,20254892,IDN NOT REQUIRED,none,14:25:00.000000,Yes,ONT,-35
2025-11-05 00:00:00,unscheduled,,CWX,4,0,20252370,180156681,none,08:19:00.000000,No,NSCH,
2025-11-05 00:00:00,Fixed,11:30,PLZ,6,0,20254912,CSS260140WZMC – 180158797,none,11:22:00.000000,Yes,ONT,-8
2025-11-05 00:00:00,Open_slot,15:00,HCN,5,0,20253365,180154395,none,18:14:00.000000,No,LATE_02,194
2025-11-06 00:00:00,Fixed,12:30,MDF,5,0,20253915,No_IDN_provided,none,Not_arrived,No,LATE_03,
2025-11-06 00:00:00,Fixed,08:00,ORK,26,0,20254772,180158879,"pallet overhang, restacked",07:58:00.000000,Yes,ONT,-2
2025-11-06 00:00:00,Open_slot,15:00,KTR,12,19,20253573,CSS260839WZMC 180156717,Mixed SKUs on pallet,08:07:00.000000,Yes,ONT,-413
2025-11-06 00:00:00,Fixed,11:30,FNB,1,0,20258077,180152174,none,11:54:00.000000,Yes,ONT,24
2025-11-06 00:00:00,Fixed,13:00,PVC,19,0,20251260,CSS260202WZMC - 180154800 / CSS260917WZMC – 180159540,IDN not matching PO,13:58:00.000000,No,LATE_01,58
2025-11-06 00:00:00,Open_slot,15:00,HCN,2,23,20256133,CSS260900WZMC – 180156282,none,08:36:00.000000,Yes,ONT,-384
2025-11-06 00:00:00,Fixed,12:30,ZAK,3,39,20252294,180156306 & 180151668,wrong SKU delivered,11:37:00.000000,Yes,EARL,-53
2025-11-07 00:00:00,Open_slot,15:00,ADL,14,0,20254072,CSS260709WZMC 180150395,2 IDNs for 1 delivery,10:58:00.000000,Yes,ONT,-242
2025-11-07 00:00:00,Fixed,10:30,NRL,5,0,20258473,IDN not required,none,10:50:00.000000,Yes,ONT,20
2025-11-07 00:00:00,Fixed,12:30,GWL,22,26,20253679,CSS260623WZMC 180158353,none,12:45:00.000000,Yes,ONT,15
2025-11-07 00:00:00,Fixed,10:30,EJN,5,19,20251347,180157228,none,10:28:00.000000,Yes,ONT,-2
2025-11-07 00:00:00,Open_slot,15:00,NHP,0,92,20252898,180150617,none,17:17:00.000000,No,LATE_02,137
2025-11-07 00:00:00,Fixed,11:30,FNB,2,22,20257153,180157292  180154276,none,11:32:00.000000,Yes,ONT,2
2025-11-10 00:00:00,Open_slot,15:00,SBK,26,0,20252913,CSS260698WZMC 180151708,IDN - PO no. missing,13:02:00.000000,Yes,ONT,-118
2025-11-10 00:00:00,Open_slot,15:00,KMB,6,0,20256545,180151989,idn doesnt match,13:18:00.000000,Yes,ONT,-102
2025-11-10 00:00:00,Open_slot,15:00,YTS,0,100,20257948,CSS260801WZMC 180159671,SKU on IDN not on PO,10:09:00.000000,Yes,ONT,-291
2025-11-10 00:00:00,Fixed,10:30,TGE,18,0,20258050,180158215,none,10:47:00.000000,Yes,ONT,17
2025-11-10 00:00:00,Open_slot,15:00,DLX,9,26,20255191,CSS260290WZMC - 180153821,none,09:12:00.000000,Yes,ONT,-348
2025-11-10 00:00:00,Fixed,10:30,TAV,11,15,20253831,CSS260918WZMC - 180154741,none,10:21:00.000000,Yes,ONT,-9
2025-11-11 00:00:00,Fixed,06:30,PLZ,3,0,20254558,CSS260737WZMC - 180157702,none,06:17:00.000000,Yes,ONT,-13
2025-11-11 00:00:00,Fixed,14:00,TAV,5,0,20257236,180157784,none,13:30:00.000000,Yes,ONT,-30
2025-11-11 00:00:00,Fixed,10:30,EJN,5,15,20258331,180159857,none,10:32:00.000000,Yes,ONT,2
2025-11-11 00:00:00,Fixed,13:30,YTS,10,0,20259933,180153673,none,13:41:00.000000,Yes,ONT,11
2025-11-11 00:00:00,Open_slot,15:00,DLX,1,41,20257566,CSS260627WZMC - 180152328,none,19:00:00.000000,No,LATE_02,240
2025-11-11 00:00:00,Open_slot,15:00,KTR,0,46,20256997,CSS260601WZMC – 180154131,none,11:52:00.000000,Yes,ONT,-188
2025-11-11 00:00:00,Fixed,13:00,NHP,7,28,20257327,180152273,IDN - PO no. missing,14:12:00.000000,No,LATE_02,72
2025-11-12 00:00:00,Open_slot,15:00,BOS,9,0,20256725,CSS260408WZMC 180150192,Carton qty short vs IDN,10:07:00.000000,Yes,ONT,-293
2025-11-12 00:00:00,Fixed,10:30,EJN,8,0,20263316,"180157735
180158376
180157448
180156071",none,11:13:00.000000,No,LATE_01,43
2025-11-12 00:00:00,Fixed,06:30,ADL,10,0,20253965,180157709,none,07:20:00.000000,No,LATE_01,50
2025-11-12 00:00:00,Open_slot,15:00,KMB,8,0,20259568,"180158867, 180150523",none,09:28:00.000000,Yes,ONT,-332
2025-11-12 00:00:00,Open_slot,15:00,PVC,21,0,20258377,180157932,none,09:52:00.000000,Yes,ONT,-308
2025-11-12 00:00:00,Fixed,10:00,ZAK,1,22,20256646,"CSS260344WZMC-180158603, CSS260601WZMC 180158042",none,10:14:00.000000,Yes,ONT,14
2025-11-13 00:00:00,Fixed,12:30,GWL,23,0,20253643,CSS260326WZMC - 180157110,none,12:32:00.000000,Yes,ONT,2
2025-11-13 00:00:00,Fixed,08:00,ORK,15,0,20255683,No_IDN_provided,none,07:51:00.000000,Yes,ONT,-9
2025-11-13 00:00:00,Open_slot,15:00,PLZ,3,0,20252307,CSS260971WZMC – 180153973,missing labels,13:28:00.000000,Yes,ONT,-92
2025-11-13 00:00:00,Fixed,10:30,LUM,2,6,20251040,CSS260286WZMC 180159880,Duplicate IDN,10:05:00.000000,Yes,ONT,-25
2025-11-13 00:00:00,Fixed,10:30,TGE,9,0,20256735,CSS260783WZMC – 180154321,none,10:32:00.000000,Yes,ONT,2
2025-11-13 00:00:00,Fixed,09:00,MDF,6,0,20254319,CSS260768WZMC 180152366,Pallet count differs from IDN,08:58:00.000000,Yes,ONT,-2
2025-11-13 00:00:00,Fixed,08:30,NRL,5,16,20252215,CSS260063WZMC - 180150643,none,08:38:00.000000,Yes,ONT,8
2025-11-13 00:00:00,Fixed,11:30,CWX,9,23,20256025,No_IDN_provided,no idn with driver,12:07:00.000000,No,LATE_01,37
2025-11-14 00:00:00,Open_slot,15:00,TAV,12,10,20252292,CSS260068WZMC - 180154928,Mixed SKUs on pallet,09:36:00.000000,Yes,ONT,-324
2025-11-14 00:00:00,Open_slot,15:00,JHT,3,0,20259974,CSS260421WZMC 180151012  CSS260289WZMC – 180153052,none,09:58:00.000000,Yes,ONT,-302
2025-11-14 00:00:00,Open_slot,15:00,GWL,18,25,20256605,180150488,none,09:23:00.000000,Yes,ONT,-337
2025-11-14 00:00:00,Fixed,06:30,ADL,14,0,20255272,CSS260832WZMC - 180154336  CSS260812WZMC-180152858,none,06:23:00.000000,Yes,ONT,-7
2025-11-14 00:00:00,Open_slot,15:00,KMB,6,0,20263089,180155540,2 IDNs for 1 delivery,11:27:00.000000,Yes,ONT,-213
2025-11-14 00:00:00,Open_slot,15:00,RFT,24,39,20250952,CSS260299WZMC - 180159389,none,10:49:00.000000,Yes,ONT,-251
2025-11-17 00:00:00,Open_slot,15:00,XPR,7,0,20250085,CSS260949WZMC - 180153355,Wrong IDN attached,08:07:00.000000,Yes,ONT,-413
2025-11-17 00:00:00,Fixed,06:30,ADL,15,11,20255320,CSS260415WZMC - 180158983,wrong SKU delivered,06:17:00.000000,Yes,ONT,-13
2025-11-17 00:00:00,Fixed,06:30,ZAK,2,10,20259675,CSS260210WZMC – 180150748  CSS260068WZMC - 180157071  CSS260491WZMC-180153348  180156110,IDN qty wrong,07:42:00.000000,No,LATE_02,72
2025-11-17 00:00:00,Open_slot,15:00,KMB,7,0,20255620,CSS260939WZMC – 180153535  CSS260049WZMC 180151924  180152491,none,14:54:00.000000,Yes,ONT,-6
2025-11-17 00:00:00,Open_slot,15:00,LUM,0,84,20256183,180156983,SKU on IDN not on PO,10:34:00.000000,Yes,ONT,-266
2025-11-17 00:00:00,Fixed,10:30,SGM,0,92,20250600,CSS260301WZMC - 180157644  CSS260823WZMC - 180157963  180157135,none,10:22:00.000000,Yes,ONT,-8
2025-11-18 00:00:00,Open_slot,15:00,DLX,2,97,20253923,180158087,none,12:57:00.000000,Yes,ONT,-123
2025-11-18 00:00:00,Fixed,13:30,TAV,7,0,20257132,No_IDN_provided,IDN missing on arrival,14:14:00.000000,No,LATE_01,44
2025-11-18 00:00:00,Fixed,06:30,PLZ,1,7,20251972,180159836,Mixed SKUs on pallet,06:15:00.000000,Yes,ONT,-15
2025-11-18 00:00:00,Fixed,08:30,XPR,9,0,20259801,"CSS260023WZMC - 180153676
CSS260454WZMC - 180158537
CSS260216WZMC – 180156323
180156384",none,08:20:00.000000,Yes,ONT,-10
2025-11-18 00:00:00,Fixed,09:00,MDF,6,0,20257814,180151252 / 180158201 / 180151590 / 180156876,missing labels,09:02:00.000000,Yes,ONT,2
2025-11-18 00:00:00,Fixed,10:30,EJN,12,0,20251834,CSS260223WZMC 180155714,2 IDNs for 1 delivery,10:31:00.000000,Yes,ONT,1
2025-11-19 00:00:00,Fixed,08:30,XPR,8,0,20253287,"180150149, 180155821, 180158959, 180154314",none,08:41:00.000000,Yes,ONT,11
2025-11-19 00:00:00,Fixed,06:30,ADL,17,0,20252036,180151170 / 180158732 / 180150523 / 180159215,none,06:22:00.000000,Yes,ONT,-8
2025-11-19 00:00:00,Fixed,10:30,TAV,5,0,20251699,CSS260952WZMC 180153343,none,10:47:00.000000,Yes,ONT,17
2025-11-19 00:00:00,Open_slot,15:00,BOS,11,0,20254557,CSS260183WZMC - 180152797 & CSS260685WZMC - 180154009 & CSS260527WZMC - 180159657,none,06:20:00.000000,Yes,EARL,-520
2025-11-19 00:00:00,Fixed,07:30,NRL,6,10,20258535,CSS260523WZMC - 180155317,none,08:02:00.000000,No,LATE_01,32
2025-11-19 00:00:00,Open_slot,15:00,RFT,0,32,20257675,180157026 & 180150307,none,15:31:00.000000,No,LATE_01,31
2025-11-20 00:00:00,Fixed,07:00,TAV,2,0,20250972,CSS260964WZMC 180153121,none,06:57:00.000000,Yes,ONT,-3
2025-11-20 00:00:00,Fixed,10:30,LUM,0,114,20250534,CSS260995WZMC - 180154112,none,13:53:00.000000,No,LATE_02,203
2025-11-20 00:00:00,Fixed,08:00,ORK,19,0,20258279,CSS260841WZMC-180158360,none,07:44:00.000000,Yes,ONT,-16
2025-11-20 00:00:00,Fixed,09:00,MDF,5,36,20258016,CSS260025WZMC - 180151016,none,09:03:00.000000,Yes,ONT,3
2025-11-20 00:00:00,Fixed,12:30,GWL,18,12,20250810,CSS260286WZMC - 180150940,none,12:13:00.000000,Yes,ONT,-17
2025-11-20 00:00:00,Fixed,13:00,PVC,18,0,20250570,180157824,none,13:14:00.000000,Yes,ONT,14
2025-11-20 00:00:00,Fixed,11:30,NRL,5,0,20257320,CSS260998WZMC - 180151656,2 IDNs for 1 delivery,12:12:00.000000,No,LATE_01,42
2025-11-21 00:00:00,unscheduled,,ZAK,5,3,20256741,CSS260837WZMC - 180151556 & CSS260491WZMC - 180152452 & CSS260532WZMC-180152410,none,14:31:00.000000,No,NSCH,
2025-11-21 00:00:00,Fixed,09:00,BRV,8,0,20254585,CSS260550WZMC 180158822 & CSS260096WZMC - 180156519 & CSS260490WZMC - 180156762,Over-delivered vs IDN,09:31:00.000000,No,LATE_01,31
2025-11-21 00:00:00,Open_slot,15:00,GWL,20,3,20253299,CSS260002WZMC 180154420,IDN sent late by vendor,10:05:00.000000,Yes,ONT,-295
2025-11-21 00:00:00,Fixed,08:30,TAV,9,0,20251955,180159395,Wrong IDN attached,08:22:00.000000,Yes,ONT,-8
2025-11-21 00:00:00,Fixed,06:00,WDH,19,1,20256278,IDN not required,none,06:05:00.000000,Yes,ONT,5
2025-11-21 00:00:00,Fixed,06:30,ADL,17,0,20253838,CSS260016WZMC - 180151296  CSS260739WZMC 180155453  180157867,none,07:10:00.000000,No,LATE_01,40
2025-11-24 00:00:00,Fixed,13:30,ZAK,2,96,20267288,CSS260656WZMC-180153215,Over-delivered vs IDN,14:59:00.000000,No,LATE_02,89
2025-11-24 00:00:00,Fixed,11:00,RFT,1,50,20250854,180154144,Wrong IDN attached,11:04:00.000000,Yes,ONT,4
2025-11-24 00:00:00,unscheduled,,XPR,6,29,20250419,CSS260569WZMC - 180155151,Mixed SKUs on pallet,10:00:00.000000,No,NSCH,
2025-11-24 00:00:00,Fixed,09:00,MDF,1,0,20252242,CSS260816WZMC 180151758  CSS260977WZMC - 180157945,"pallet overhang, restacked",09:02:00.000000,Yes,ONT,2
2025-11-24 00:00:00,Fixed,10:30,EJN,7,31,20255185,180150569,short 1 pallet,10:20:00.000000,Yes,ONT,-10
2025-11-24 00:00:00,Fixed,09:30,TAV,5,0,20254734,180150359,none,08:54:00.000000,Yes,EARL,-36
2025-11-24 00:00:00,Open_slot,15:00,NRL,14,0,20250139,CSS260089WZMC - 180152311,none,15:40:00.000000,No,LATE_01,40
2025-11-24 00:00:00,Open_slot,15:00,QMS,1,95,20259676,CSS260731WZMC 180157081 / CSS260395WZMC - 180153638,Mixed SKUs on pallet,12:51:00.000000,Yes,ONT,-129
2025-11-25 00:00:00,Fixed,10:30,EJN,11,18,20267525,CSS260309WZMC 180155148,Pallet count differs from IDN,12:13:00.000000,No,LATE_02,103
2025-11-25 00:00:00,Open_slot,15:00,NHP,6,0,20249121,not required,none,06:55:00.000000,Yes,EARL,-485
2025-11-25 00:00:00,unscheduled,,KMB,5,0,20269699,"180152691, 180151970",2 IDNs for 1 delivery,06:20:00.000000,No,NSCH,
2025-11-25 00:00:00,Fixed,13:00,KTR,2,6,20251704,"CSS260711WZMC – 180159535
CSS260714WZMC-180150975",none,13:30:00.000000,Yes,ONT,30
2025-11-25 00:00:00,Fixed,09:00,MDF,4,0,20258487,180153076 & 180156021 & 180151674,IDN illegible,09:07:00.000000,Yes,ONT,7
2025-11-25 00:00:00,Fixed,12:30,YTS,10,0,20254032,"CSS260075WZMC - 180153414, CSS260166WZMC 180156551, CSS260682WZMC - 180157330",none,12:21:00.000000,Yes,ONT,-9
2025-11-26 00:00:00,Fixed,08:30,XPR,6,34,20257317,180156568  180158120  180153196  180156991,Wrong IDN attached,08:39:00.000000,Yes,ONT,9
2025-11-26 00:00:00,Fixed,13:30,HCN,3,0,20250719,180158944,none,15:38:00.000000,No,LATE_02,128
2025-11-26 00:00:00,Fixed,10:00,PLZ,1,0,20269700,180158049 & 180158210 & 180158635 & 180156670,wrong SKU delivered,10:07:00.000000,Yes,ONT,7
2025-11-26 00:00:00,Open_slot,15:00,SBK,27,0,20251538,180154608,"pallet overhang, restacked",14:41:00.000000,Yes,ONT,-19
2025-11-26 00:00:00,Open_slot,15:00,BOS,7,0,20258326,180151649,missing labels,10:40:00.000000,Yes,ONT,-260
2025-11-26 00:00:00,Fixed,11:30,ZAK,4,0,20252733,"CSS260972WZMC - 180157404, CSS260332WZMC 180156923, CSS260693WZMC 180151421",none,11:27:00.000000,Yes,ONT,-3
2025-11-26 00:00:00,Fixed,12:30,CWX,7,29,20255562,180156167,wrong SKU delivered,12:23:00.000000,Yes,ONT,-7
2025-11-26 00:00:00,Open_slot,15:00,EJN,6,13,20259166,180151177,none,11:52:00.000000,Yes,ONT,-188
2025-11-27 00:00:00,Fixed,12:30,GWL,25,0,20256940,180158122,none,12:30:00.000000,Yes,ONT,0
2025-11-27 00:00:00,Fixed,08:30,XPR,9,7,20255839,CSS260749WZMC - 180158637 & CSS260545WZMC 180155821 & CSS260893WZMC 180154991,none,07:34:00.000000,Yes,EARL,-56
2025-11-27 00:00:00,Fixed,12:00,NRL,5,13,20257707,No_IDN_provided,none,12:09:00.000000,Yes,ONT,9
2025-11-27 00:00:00,Fixed,10:30,TGE,17,3,20255305,not required,none,10:47:00.000000,Yes,ONT,17
2025-11-27 00:00:00,Open_slot,15:00,WDH,24,0,20259257,180154761,SKU on IDN not on PO,14:42:00.000000,Yes,ONT,-18
2025-11-27 00:00:00,Fixed,13:00,KTR,2,62,20258305,CSS260420WZMC-180158364,Over-delivered vs IDN,13:03:00.000000,Yes,ONT,3
2025-11-27 00:00:00,Fixed,09:00,MDF,7,4,20256452,CSS260164WZMC 180158108,Wrong IDN attached,09:01:00.000000,Yes,ONT,1
2025-11-27 00:00:00,Fixed,11:30,FNB,2,0,20254806,180154826,none,11:07:00.000000,Yes,ONT,-23
2025-11-28 00:00:00,unscheduled,,GWL,19,0,20254505,CSS260391WZMC - 180157613,none,11:59:00.000000,No,NSCH,
2025-11-28 00:00:00,Open_slot,15:00,SBK,18,0,20259162,"180152142
180159168",Pallet count differs from IDN,12:54:00.000000,Yes,ONT,-126
2025-11-28 00:00:00,Open_slot,15:00,JHT,2,0,20242695,180150098,Chased vendor for IDN,14:36:00.000000,Yes,ONT,-24
2025-11-28 00:00:00,Open_slot,15:00,NHP,3,10,20255693,CSS260519WZMC - 180154828,none,12:30:00.000000,Yes,ONT,-150
2025-11-28 00:00:00,Open_slot,15:00,HCN,4,0,20255259,"CSS260212WZMC-180155184, CSS260557WZMC – 180153296, CSS260757WZMC – 180155254",none,09:03:00.000000,Yes,ONT,-357
2025-11-28 00:00:00,Fixed,13:30,YTS,1,37,20252972,180152741,IDN qty wrong,14:17:00.000000,No,LATE_01,47
2025-11-28 00:00:00,Fixed,07:00,PLZ,3,0,20255834,CSS260414WZMC - 180158397,none,07:08:00.000000,Yes,ONT,8
2025-11-28 00:00:00,Fixed,06:30,NRL,6,0,20256492,No_IDN_provided,none,Not_arrived,No,LATE_03,
2025-12-01 00:00:00,Fixed,13:00,TAV,12,22,20251424,180153723,Carton qty short vs IDN,13:05:00.000000,Yes,ONT,5
2025-12-01 00:00:00,Open_slot,15:00,QMS,9,21,20251634,n/a - not req,none,15:54:00.000000,No,LATE_01,54
2025-12-01 00:00:00,Fixed,09:00,CWX,9,0,20259416,CSS260903WZMC 180150200,none,08:48:00.000000,Yes,ONT,-12
2025-12-01 00:00:00,Fixed,08:30,XPR,9,3,20252374,CSS260958WZMC - 180156068,none,08:28:00.000000,Yes,ONT,-2
2025-12-01 00:00:00,Fixed,11:30,SGM,2,13,20259005,180156960,none,11:52:00.000000,Yes,ONT,22
2025-12-01 00:00:00,Open_slot,15:00,KMB,8,0,20253292,CSS260918WZMC-180157263 / CSS260257WZMC 180154106,none,13:32:00.000000,Yes,ONT,-88
2025-12-01 00:00:00,Fixed,09:30,WDH,20,1,20253733,CSS260288WZMC - 180157600,Pallet count differs from IDN,09:20:00.000000,Yes,ONT,-10
2025-12-01 00:00:00,Open_slot,15:00,DLX,2,40,20256205,"CSS260911WZMC - 180157021
CSS260379WZMC – 180152319","pallet overhang, restacked",09:15:00.000000,Yes,ONT,-345
2025-12-02 00:00:00,Fixed,11:30,FNB,2,0,20257701,CSS260863WZMC – 180158090,none,11:14:00.000000,Yes,ONT,-16
2025-12-02 00:00:00,Fixed,09:00,SBK,20,0,20255457,180151652,none,08:58:00.000000,Yes,ONT,-2
2025-12-02 00:00:00,Open_slot,15:00,TAV,11,20,20257405,CSS260121WZMC 180150721,wrong SKU delivered,16:51:00.000000,No,LATE_02,111
2025-12-02 00:00:00,Open_slot,15:00,XPR,5,0,20250480,"CSS260782WZMC-180151838
CSS260692WZMC – 180152446
180158100",Chased vendor for IDN,15:39:00.000000,No,LATE_01,39
2025-12-02 00:00:00,Open_slot,15:00,ZAK,2,30,20262212,No_IDN_provided,none,17:55:00.000000,No,LATE_02,175
2025-12-02 00:00:00,Fixed,08:00,ORK,15,0,20256614,CSS260001WZMC-180158918 / CSS260065WZMC - 180155300,none,07:53:00.000000,Yes,ONT,-7
2025-12-02 00:00:00,Fixed,09:00,MDF,4,0,20259552,CSS260885WZMC – 180153205,none,09:06:00.000000,Yes,ONT,6
2025-12-03 00:00:00,Fixed,13:00,PVC,23,16,20252388,CSS260475WZMC-180151260,none,13:09:00.000000,Yes,ONT,9
2025-12-03 00:00:00,unscheduled,,RFT,1,116,20251411,"180159528
180155450",IDN sent late by vendor,12:07:00.000000,No,NSCH,
2025-12-03 00:00:00,Fixed,06:30,ADL,9,30,20252691,No_IDN_provided,none,06:23:00.000000,Yes,ONT,-7
2025-12-03 00:00:00,Open_slot,15:00,BOS,4,23,20252408,CSS260896WZMC-180152544  CSS260054WZMC 180156007  CSS260728WZMC – 180156023,IDN - PO no. missing,10:14:00.000000,Yes,ONT,-286
2025-12-03 00:00:00,Open_slot,15:00,KTR,1,43,20255927,CSS260004WZMC-180156816,none,12:29:00.000000,Yes,ONT,-151
2025-12-03 00:00:00,Fixed,12:30,GWL,18,37,20256187,180152341,none,11:59:00.000000,Yes,EARL,-31
2025-12-03 00:00:00,Fixed,08:30,NRL,6,0,20252805,180150964,none,09:12:00.000000,No,LATE_01,42
2025-12-04 00:00:00,Open_slot,15:00,GWL,16,35,20259427,CSS260620WZMC – 180151372,none,13:26:00.000000,Yes,ONT,-94
2025-12-04 00:00:00,Fixed,06:30,ZAK,2,111,20257983,CSS260313WZMC - 180151244,IDN not matching PO,07:44:00.000000,No,LATE_02,74
2025-12-04 00:00:00,unscheduled,,NRL,5,7,20252528,CSS260927WZMC-180157583,"pallet overhang, restacked",14:17:00.000000,No,NSCH,
2025-12-04 00:00:00,Open_slot,15:00,ORK,11,0,20256484,180154949 / 180159196 / 180154603,short 1 pallet,12:46:00.000000,Yes,ONT,-134
2025-12-04 00:00:00,Fixed,11:30,TAV,8,0,20255643,"CSS260015WZMC-180157985
CSS260677WZMC 180151719
CSS260590WZMC - 180151844
180150258",none,11:46:00.000000,Yes,ONT,16
2025-12-04 00:00:00,Fixed,07:30,MDF,8,0,20252539,180158659 & 180155432,none,09:11:00.000000,No,LATE_02,101
2025-12-04 00:00:00,Fixed,12:00,KMB,10,0,20250921,CSS260747WZMC – 180156323,none,11:46:00.000000,Yes,ONT,-14
2025-12-05 00:00:00,Open_slot,15:00,CWX,9,0,20255798,180155585,missing labels,08:32:00.000000,Yes,ONT,-388
2025-12-05 00:00:00,Fixed,09:00,PLZ,5,0,20253209,CSS260954WZMC 180157852 & CSS260515WZMC – 180158205,Damaged pallet - noted on IDN,09:19:00.000000,Yes,ONT,19
2025-12-05 00:00:00,Open_slot,15:00,DLX,2,84,20253489,180158443 / 180158430 / 180154059 / 180154039,Carton qty short vs IDN,07:14:00.000000,Yes,EARL,-466
2025-12-05 00:00:00,Open_slot,15:00,VRT,5,0,20251913,CSS260289WZMC-180153930,none,12:46:00.000000,Yes,ONT,-134
2025-12-05 00:00:00,Fixed,10:30,LUM,3,0,20241907,CSS260232WZMC – 180154045 / CSS260467WZMC - 180154619,none,10:24:00.000000,Yes,ONT,-6
2025-12-05 00:00:00,Fixed,11:00,ZAK,1,100,20252112,180158091,none,10:53:00.000000,Yes,ONT,-7
2025-12-05 00:00:00,Open_slot,15:00,NHP,1,89,20254061,180152364,"pallet overhang, restacked",16:59:00.000000,No,LATE_02,119
2025-12-05 00:00:00,Fixed,09:00,MDF,1,0,20244379,CSS260661WZMC - 180154737,none,09:44:00.000000,No,LATE_01,44
2025-12-08 00:00:00,Open_slot,15:00,ZAK,1,46,20258277,180157807,short 1 pallet,15:41:00.000000,No,LATE_01,41
2025-12-08 00:00:00,Fixed,06:30,ADL,13,11,20251053,CSS260952WZMC - 180154312,none,06:29:00.000000,Yes,ONT,-1
2025-12-08 00:00:00,Open_slot,15:00,DLX,1,58,20255712,CSS260372WZMC-180153584,none,10:03:00.000000,Yes,ONT,-297
2025-12-08 00:00:00,Fixed,13:30,HCN,1,0,20250485,IDN NOT REQUIRED,none,13:23:00.000000,Yes,ONT,-7
2025-12-08 00:00:00,Fixed,10:30,LUM,6,0,20256584,No_IDN_provided,No IDN provided,10:28:00.000000,Yes,ONT,-2
2025-12-08 00:00:00,Fixed,14:00,NRL,5,0,20253907,CSS260536WZMC – 180157345,none,14:12:00.000000,Yes,ONT,12
2025-12-08 00:00:00,Open_slot,15:00,SBK,19,0,20258073,180155079,missing labels,10:49:00.000000,Yes,ONT,-251
2025-12-08 00:00:00,Open_slot,15:00,XPR,9,0,20258562,180153516 / 180156976 / 180156725,idn doesnt match,14:12:00.000000,Yes,ONT,-48
2025-12-09 00:00:00,Open_slot,15:00,EJN,5,0,20253154,CSS260011WZMC 180153926,none,15:32:00.000000,No,LATE_01,32
2025-12-09 00:00:00,Fixed,13:30,HCN,4,17,20253842,CSS260196WZMC 180152130,none,14:12:00.000000,No,LATE_01,42
2025-12-09 00:00:00,Open_slot,15:00,YTS,6,0,20252684,CSS260269WZMC – 180156106,"pallet overhang, restacked",12:40:00.000000,Yes,ONT,-140
2025-12-09 00:00:00,Fixed,07:00,TAV,11,0,20253588,CSS260584WZMC-180156032,none,06:48:00.000000,Yes,ONT,-12
2025-12-09 00:00:00,Fixed,09:00,MDF,4,0,20259712,180154645,No paperwork with driver,08:48:00.000000,Yes,ONT,-12
2025-12-09 00:00:00,Open_slot,15:00,KMB,12,0,20255618,CSS260124WZMC - 180155619 & CSS260366WZMC - 180154939 & 180154135,"pallet overhang, restacked",07:57:00.000000,Yes,ONT,-423
2025-12-10 00:00:00,Open_slot,15:00,HCN,6,0,20253226,No_IDN_provided,none,Not_arrived,No,LATE_03,
2025-12-10 00:00:00,Open_slot,15:00,TAV,7,8,20250134,180157794,none,12:49:00.000000,Yes,ONT,-131
2025-12-10 00:00:00,Fixed,06:30,ADL,8,0,20257368,180154439,none,06:40:00.000000,Yes,ONT,10
2025-12-10 00:00:00,Fixed,13:00,PVC,15,0,20250389,180151322 / 180154536,none,14:26:00.000000,No,LATE_02,86
2025-12-10 00:00:00,Fixed,10:30,EJN,11,0,20254515,CSS260901WZMC - 180152370,none,11:12:00.000000,No,LATE_01,42
2025-12-10 00:00:00,Open_slot,15:00,RFT,0,85,20253273,CSS260188WZMC 180156847,none,08:48:00.000000,Yes,ONT,-372
2025-12-10 00:00:00,Open_slot,15:00,KMB,10,33,20259665,CSS260021WZMC 180156535,none,10:06:00.000000,Yes,ONT,-294
2025-12-10 00:00:00,Fixed,13:00,CWX,4,23,20250267,180158432,missing labels,13:40:00.000000,No,LATE_01,40
2025-12-11 00:00:00,Fixed,12:30,GWL,23,0,20259200,CSS260277WZMC – 180151927,none,12:19:00.000000,Yes,ONT,-11
2025-12-11 00:00:00,Fixed,07:30,ZAK,9,0,20252617,No_IDN_provided,none,Not_arrived,No,LATE_03,
2025-12-11 00:00:00,Fixed,09:00,MDF,3,1,20254214,CSS260414WZMC 180159185,Pallet count differs from IDN,08:35:00.000000,Yes,ONT,-25
2025-12-11 00:00:00,Fixed,13:00,NRL,10,0,20254714,No_IDN_provided,none,Not_arrived,No,LATE_03,
2025-12-11 00:00:00,Fixed,08:00,ORK,14,0,20258539,IDN not required,none,07:53:00.000000,Yes,ONT,-7
2025-12-11 00:00:00,Open_slot,15:00,KTR,12,24,20258390,CSS260338WZMC - 180154121,none,12:40:00.000000,Yes,ONT,-140
2025-12-12 00:00:00,Fixed,10:00,DLX,0,65,20253730,CSS260244WZMC - 180152057,none,10:52:00.000000,No,LATE_01,52
2025-12-12 00:00:00,Open_slot,15:00,ZAK,1,78,20257578,No_IDN_provided,none,Not_arrived,No,LATE_03,
2025-12-12 00:00:00,Open_slot,15:00,JHT,2,0,20258364,not required,none,08:45:00.000000,Yes,ONT,-375
2025-12-12 00:00:00,Open_slot,15:00,SBK,22,0,20258192,No_IDN_provided,none,Not_arrived,No,LATE_03,
2025-12-12 00:00:00,Fixed,09:00,BRV,9,0,20252229,CSS260888WZMC – 180153450,Over-delivered vs IDN,09:13:00.000000,Yes,ONT,13
2025-12-12 00:00:00,Fixed,07:30,VRT,4,21,20251167,180151953  180156197  180155951  180158192,none,07:23:00.000000,Yes,ONT,-7
2025-12-12 00:00:00,Open_slot,15:00,NHP,0,41,20254694,No_IDN_provided,No IDN provided,11:05:00.000000,Yes,ONT,-235
2025-12-12 00:00:00,Fixed,06:00,NRL,11,0,20259576,No_IDN_provided,none,Not_arrived,No,LATE_03,
2025-12-15 00:00:00,Fixed,09:00,KMB,4,33,20255054,180152483  180151522  180151625,Mixed SKUs on pallet,09:01:00.000000,Yes,ONT,1
2025-12-15 00:00:00,Open_slot,15:00,WDH,14,0,20253718,CSS260367WZMC - 180151485,none,12:47:00.000000,Yes,ONT,-133
2025-12-15 00:00:00,Open_slot,15:00,SBK,23,0,20256633,CSS260543WZMC - 180154017,none,13:05:00.000000,Yes,ONT,-115
2025-12-15 00:00:00,Fixed,09:30,PLZ,1,0,20257448,CSS260985WZMC - 180158951,IDN illegible,09:17:00.000000,Yes,ONT,-13
2025-12-15 00:00:00,Fixed,11:30,FNB,1,0,20250358,180153664,2 IDNs for 1 delivery,11:37:00.000000,Yes,ONT,7
2025-12-15 00:00:00,Fixed,12:00,MDF,4,0,20265772,180158989,missing labels,12:22:00.000000,Yes,ONT,22
2025-12-16 00:00:00,Fixed,10:30,MDF,4,0,20259296,180157486,none,10:27:00.000000,Yes,ONT,-3
2025-12-16 00:00:00,Open_slot,15:00,DLX,18,0,20256463,CSS260623WZMC-180151053,none,11:50:00.000000,Yes,ONT,-190
2025-12-16 00:00:00,Fixed,13:00,NHP,6,0,20250457,"180150807, 180150096, 180152935, 180159222",IDN illegible,13:10:00.000000,Yes,ONT,10
2025-12-16 00:00:00,Fixed,13:00,BRV,11,0,20250033,CSS260343WZMC-180155364,IDN illegible,13:06:00.000000,Yes,ONT,6
2025-12-16 00:00:00,Fixed,12:30,GWL,14,0,20260435,180156184 & 180152908,none,12:19:00.000000,Yes,ONT,-11
2025-12-16 00:00:00,Open_slot,15:00,KTR,1,89,20261633,180157559,Chased vendor for IDN,11:33:00.000000,Yes,ONT,-207
2025-12-17 00:00:00,Open_slot,15:00,JHT,4,0,20252869,CSS260430WZMC – 180153309,missing labels,08:32:00.000000,Yes,ONT,-388
2025-12-17 00:00:00,Fixed,12:00,NRL,5,0,20256231,No_IDN_provided,none,Not_arrived,No,LATE_03,
2025-12-17 00:00:00,Open_slot,15:00,XPR,8,24,20259194,CSS260788WZMC 180152997,none,15:37:00.000000,No,LATE_01,37
2025-12-17 00:00:00,Fixed,06:30,ADL,17,7,20255907,n/a - not req,none,06:35:00.000000,Yes,ONT,5
2025-12-17 00:00:00,Open_slot,15:00,BOS,3,32,20255228,CSS260044WZMC - 180151428  CSS260720WZMC – 180153891,none,12:16:00.000000,Yes,ONT,-164
2025-12-17 00:00:00,Fixed,13:00,TAV,2,0,20250718,CSS260003WZMC 180154856,IDN illegible,13:43:00.000000,No,LATE_01,43
2025-12-17 00:00:00,Open_slot,15:00,GWL,15,33,20259695,CSS260479WZMC - 180153434,none,09:42:00.000000,Yes,ONT,-318
2025-12-17 00:00:00,Open_slot,15:00,HCN,8,0,20255588,not required,none,15:41:00.000000,No,LATE_01,41
2025-12-18 00:00:00,Fixed,08:00,SGM,22,27,20259367,CSS260113WZMC - 180153537,Chased vendor for IDN,08:02:00.000000,Yes,ONT,2
2025-12-18 00:00:00,Fixed,06:30,NRL,9,0,20254930,CSS260232WZMC – 180155721  CSS260541WZMC - 180154267  CSS260872WZMC-180150363,wrong SKU delivered,07:22:00.000000,No,LATE_01,52
2025-12-18 00:00:00,Fixed,12:30,GWL,15,0,20258184,"CSS260711WZMC - 180150361
CSS260513WZMC-180159167
180157127",none,12:32:00.000000,Yes,ONT,2
2025-12-18 00:00:00,Fixed,14:00,CWX,4,0,20256598,No_IDN_provided,none,14:13:00.000000,Yes,ONT,13
2025-12-18 00:00:00,Open_slot,15:00,SBK,21,0,20257605,CSS260055WZMC – 180158008 & CSS260781WZMC – 180156789,Damaged pallet - noted on IDN,16:05:00.000000,No,LATE_02,65
2025-12-18 00:00:00,Open_slot,15:00,PLZ,2,32,20242188,CSS260112WZMC - 180154124  CSS260587WZMC – 180157338  CSS260137WZMC 180151280,none,17:16:00.000000,No,LATE_02,136
2025-12-18 00:00:00,Fixed,10:30,LUM,2,101,20253916,180151898 & 180152980,none,10:28:00.000000,Yes,ONT,-2
2025-12-19 00:00:00,Fixed,12:30,GWL,24,0,20252302,180157472,Wrong IDN attached,15:01:00.000000,No,LATE_02,151
2025-12-19 00:00:00,Open_slot,15:00,VRT,2,0,20255362,180159461  180156807  180156677,IDN qty wrong,11:00:00.000000,Yes,ONT,-240
2025-12-19 00:00:00,Fixed,06:30,NRL,13,28,20250619,180158181,none,06:20:00.000000,Yes,ONT,-10
2025-12-19 00:00:00,Fixed,10:00,SGM,0,26,20258037,180158544,none,09:44:00.000000,Yes,ONT,-16
2025-12-19 00:00:00,Fixed,09:00,TAV,9,10,20256880,CSS260412WZMC 180157546  CSS260844WZMC 180150486  CSS260065WZMC 180152422,none,08:46:00.000000,Yes,ONT,-14
2025-12-19 00:00:00,Open_slot,15:00,BRV,12,0,20259198,180150331  180156785  180157589,IDN sent late by vendor,14:34:00.000000,Yes,ONT,-26
2025-12-22 00:00:00,Fixed,08:30,XPR,9,0,20266243,CSS260886WZMC – 180154478 / CSS260379WZMC – 180150535 / 180159631,none,08:30:00.000000,Yes,ONT,0
2025-12-22 00:00:00,Open_slot,15:00,DLX,13,0,20254594,CSS260614WZMC - 180155021 & CSS260761WZMC – 180156461 & CSS260842WZMC 180155273,none,14:14:00.000000,Yes,ONT,-46
2025-12-22 00:00:00,Fixed,12:00,WDH,13,0,20257073,CSS260161WZMC – 180150648  CSS260961WZMC 180150348,none,11:48:00.000000,Yes,ONT,-12
2025-12-22 00:00:00,Fixed,13:30,ZAK,1,10,20259975,CSS260574WZMC - 180151482,none,13:28:00.000000,Yes,ONT,-2
2025-12-22 00:00:00,Fixed,06:30,ADL,15,0,20251168,180152033,none,06:24:00.000000,Yes,ONT,-6
2025-12-22 00:00:00,Fixed,09:00,NRL,15,2,20254397,No_IDN_provided,none,Not_arrived,No,LATE_03,
2025-12-22 00:00:00,Fixed,11:00,RFT,0,58,20253121,180152267 / 180155638,none,11:05:00.000000,Yes,ONT,5
2025-12-23 00:00:00,Fixed,10:00,NRL,3,0,20264005,CSS260996WZMC-180157063,Carton qty short vs IDN,12:55:00.000000,No,LATE_02,175
2025-12-23 00:00:00,Open_slot,15:00,DLX,18,21,20259405,No_IDN_provided,IDN missing on arrival,12:39:00.000000,Yes,ONT,-141
2025-12-23 00:00:00,Fixed,08:30,KMB,7,0,20263935,CSS260257WZMC - 180155101  CSS260942WZMC - 180151917,IDN illegible,08:53:00.000000,Yes,ONT,23
2025-12-23 00:00:00,Fixed,13:00,KTR,10,0,20256022,180157629,IDN - PO no. missing,12:37:00.000000,Yes,ONT,-23
2025-12-23 00:00:00,Fixed,12:30,CWX,10,6,20255580,180159063,Pallet count differs from IDN,12:31:00.000000,Yes,ONT,1
2025-12-23 00:00:00,Fixed,11:00,RFT,26,0,20255455,CSS260264WZMC - 180157559,IDN - PO no. missing,11:07:00.000000,Yes,ONT,7
2025-12-23 00:00:00,Open_slot,15:00,YTS,6,30,20251593,180158679 & 180157681,none,12:56:00.000000,Yes,ONT,-124
2025-12-24 00:00:00,Fixed,12:00,NRL,11,25,20259470,180154904,none,11:43:00.000000,Yes,ONT,-17
2025-12-24 00:00:00,unscheduled,,BOS,7,0,20253352,"CSS260589WZMC - 180153224, CSS260300WZMC – 180152081",none,06:16:00.000000,No,NSCH,
2025-12-24 00:00:00,Fixed,08:30,XPR,10,0,20251246,not required,wrong SKU delivered,08:35:00.000000,Yes,ONT,5
2025-12-24 00:00:00,Open_slot,15:00,ADL,11,0,20256277,CSS260919WZMC – 180156901,none,11:00:00.000000,Yes,ONT,-240
2025-12-24 00:00:00,Open_slot,15:00,RFT,10,0,20259887,180158800 & 180154587,none,12:13:00.000000,Yes,ONT,-167
2025-12-24 00:00:00,Open_slot,15:00,JHT,2,0,20255900,"180154976
180156874",missing labels,14:33:00.000000,Yes,ONT,-27
2025-12-25 00:00:00,Fixed,09:00,MDF,2,0,20252363,CSS260817WZMC – 180158350,Duplicate IDN,09:56:00.000000,No,LATE_01,56
2025-12-25 00:00:00,Open_slot,15:00,ZAK,4,0,20263467,CSS260926WZMC - 180153620,none,16:40:00.000000,No,LATE_02,100
2025-12-25 00:00:00,Fixed,12:30,GWL,18,0,20254447,180155390,Duplicate IDN,12:36:00.000000,Yes,ONT,6
2025-12-25 00:00:00,Fixed,11:30,FNB,3,0,20252053,CSS260142WZMC 180151547,IDN - PO no. missing,11:19:00.000000,Yes,ONT,-11
2025-12-25 00:00:00,Fixed,10:00,NRL,9,0,20253812,CSS260035WZMC-180153776 / CSS260220WZMC 180158949 / CSS260702WZMC – 180155315,none,09:53:00.000000,Yes,ONT,-7
2025-12-25 00:00:00,Open_slot,15:00,JHT,2,22,20257146,180159633,none,11:00:00.000000,Yes,ONT,-240
2025-12-26 00:00:00,Fixed,12:30,GWL,11,0,20258735,CSS260881WZMC 180152964,none,12:17:00.000000,Yes,ONT,-13
2025-12-26 00:00:00,Open_slot,15:00,VRT,5,0,20256987,CSS260775WZMC – 180151950 & CSS260514WZMC – 180155756 & 180152522,wrong SKU delivered,09:41:00.000000,Yes,ONT,-319
2025-12-26 00:00:00,Open_slot,15:00,NHP,5,0,20255665,180152236,none,13:18:00.000000,Yes,ONT,-102
2025-12-26 00:00:00,Fixed,11:00,TAV,4,34,20259022,IDN NOT REQUIRED,none,10:42:00.000000,Yes,ONT,-18
2025-12-26 00:00:00,Fixed,13:30,WDH,17,0,20253525,CSS260790WZMC - 180158555,IDN - PO no. missing,13:59:00.000000,Yes,ONT,29
2025-12-26 00:00:00,Fixed,06:30,ADL,11,0,20255003,180159890,none,06:19:00.000000,Yes,ONT,-11
2025-12-26 00:00:00,Fixed,07:30,NRL,9,0,20256175,180150835,IDN not matching PO,07:18:00.000000,Yes,ONT,-12
2025-12-26 00:00:00,Fixed,12:00,SGM,24,19,20255520,No_IDN_provided,No IDN provided,11:49:00.000000,Yes,ONT,-11
2025-12-29 00:00:00,Fixed,08:00,SGM,25,0,20251398,No_IDN_provided,no idn with driver,06:42:00.000000,Yes,EARL,-78
2025-12-29 00:00:00,Fixed,10:00,TAV,9,0,20251632,"180150541, 180154834",IDN qty wrong,08:58:00.000000,Yes,EARL,-62
2025-12-29 00:00:00,Open_slot,15:00,ORK,16,0,20259186,180159789,IDN sent late by vendor,09:45:00.000000,Yes,ONT,-315
2025-12-29 00:00:00,Fixed,14:00,BRV,8,0,20256152,180154967,none,13:56:00.000000,Yes,ONT,-4
2025-12-29 00:00:00,Fixed,07:30,NRL,9,15,20263359,No_IDN_provided,none,08:08:00.000000,No,LATE_01,38
2025-12-29 00:00:00,Fixed,08:30,KMB,14,19,20257099,CSS260327WZMC 180151593,none,08:09:00.000000,Yes,ONT,-21
2025-12-30 00:00:00,Fixed,10:30,EJN,11,0,20254785,CSS260709WZMC – 180153112,none,09:46:00.000000,Yes,EARL,-44
2025-12-30 00:00:00,Fixed,07:30,WDH,19,0,20251289,180156708,none,07:10:00.000000,Yes,ONT,-20
2025-12-30 00:00:00,Fixed,08:00,NRL,5,19,20257439,"180153542, 180153258, 180150991",SKU on IDN not on PO,07:55:00.000000,Yes,ONT,-5
2025-12-30 00:00:00,Fixed,08:00,ORK,26,0,20250313,CSS260928WZMC – 180151386,none,07:52:00.000000,Yes,ONT,-8
2025-12-30 00:00:00,Fixed,09:00,MDF,2,15,20256295,CSS260891WZMC – 180157968,IDN qty wrong,09:15:00.000000,Yes,ONT,15
2025-12-30 00:00:00,Fixed,10:30,BRV,7,0,20253748,CSS260357WZMC 180154508 & CSS260400WZMC - 180156132 & CSS260989WZMC-180159964,"pallet overhang, restacked",10:22:00.000000,Yes,ONT,-8
2025-12-31 00:00:00,unscheduled,,HCN,3,0,20255849,180155738,none,08:17:00.000000,No,NSCH,
2025-12-31 00:00:00,Open_slot,15:00,JHT,4,0,20255350,CSS260629WZMC - 180152678,IDN sent late by vendor,13:45:00.000000,Yes,ONT,-75
2025-12-31 00:00:00,Fixed,11:00,RFT,0,52,20253110,180158919,none,11:03:00.000000,Yes,ONT,3
2025-12-31 00:00:00,Open_slot,15:00,BOS,4,0,20254980,No_IDN_provided,IDN missing on arrival,11:24:00.000000,Yes,ONT,-216
2025-12-31 00:00:00,Open_slot,15:00,DLX,0,39,20254183,IDN not required,none,12:55:00.000000,Yes,ONT,-125
2025-12-31 00:00:00,Open_slot,15:00,VRT,3,0,20255634,IDN not required,Chased vendor for IDN,11:38:00.000000,Yes,ONT,-202
2025-12-31 00:00:00,Fixed,08:30,XPR,11,0,20253494,No_IDN_provided,no idn with driver,09:19:00.000000,No,LATE_01,49
2025-12-31 00:00:00,Fixed,11:30,ZAK,0,110,20257424,180156627 / 180155076 / 180159243,none,12:04:00.000000,No,LATE_01,34
